id,nome,ano,sinopse,categoria
1,Padre,2011,No mundo devastado por uma guerra entre humanos...,Terror
2,Hotel Transilvânia: Transformonstrão,2022,Drac e sua turma acabam sendo transformados em ...,Fantasia
3,Star Wars: Episódio III - A Vingança dos Sith,2005,As Guerras Clônicas estão em pleno andamento e ...,Ficção Científica
4,Como Treinar o Seu Dragão,2025,"Na montanhosa Ilha de Berk, vikings e dragões s...",Ação
5,O Atirador: Sem Nação,2026,"Perseguidos por mercenários, Brandon Beckett e ...",Ação
6,Noites Brutais,2022,Chegando a Detroit para uma entrevista de empre...,Terror
7,Um Filme Minecraft,2025,Quatro desajustados são subitamente puxados por...,Comédia
8,À Procura da Felicidade,2006,Chris enfrenta sérios problemas financeiros e L...,Drama
9,A Hora do Pesadelo,1984,Um grupo de adolescentes tem pesadelos horrívei...,Terror
10,Below Her Mouth,2017,É em um fim de semana inesperado e desinibido q...,Romance
11,Juntos e Misturados,2014,"Após um encontro desastroso, os pais solteiros ...",Romance
12,X-Men: Dias de um Futuro Esquecido,2014,O Dr. Bolivar Trask acredita que os mutantes sã...,Ficção Científica
13,Pecado Original,2001,No exótico mundo de Cuba Luis Antonio Vargas (A...,Romance
14,Planeta dos Macacos: O Confronto,2014,"Em 2026, a humanidade está enfrentando sua pior...",Suspense
15,A Casa Monstro,2006,D.J. Walters é um garoto de 12 anos que acredit...,Animação
16,A Guerra dos Mundos,2025,Will Radford é um renomado analista de ciberseg...,Ficção Científica
17,O Espetacular Homem-Aranha 2: A Ameaça de Electro,2014,O jovem Peter Parker está fascinado com as habi...,Ficção Científica
18,É Assim Que Acaba,2024,"Lily Bloom, uma mulher que supera uma infância ...",Romance
19,John Wick 3: Parabellum,2019,Após assassinar o chefe da máfia Santino D'Anto...,Suspense
20,Boonie Bears e o robô destruidor,2014,Logger Vick quer ganhar dinheiro para as compra...,Animação
21,Premonição 6: Laços de Sangue,2025,Atormentada por um pesadelo violento recorrente...,Terror
22,Rota de Fuga 2: Hades,2018,Anos depois de ter conseguido escapar de uma pr...,Policial
23,Meninas Malvadas,2004,Criada na selva africana por seus pais zoólogos...,Comédia
24,Eu Quero Comer seu Pâncreas,2018,"Um dia, ele encontra um diário em um hospital. ...",Animação
25,Smurfs,2025,Quando o Papai Smurf é misteriosamente levado p...,Fantasia
26,Suzume,2022,Depois que Suzume abre sem querer uma porta do ...,Animação
27,Batman: O Cavaleiro das Trevas Ressurge,2012,Após ser culpado pela morte de Harvey Dent e pa...,Suspense
28,A Meia-Irmã Feia,2025,"Elvira, meia-irmã de Cinderela, vive com a famí...",Terror
29,Up: Altas Aventuras,2009,"Carl Fredricksen é um vendedor de balões que, a...",Comédia
30,Um Contratempo,2017,Após acordar ao lado de sua amante assassinada ...,Suspense
31,O Rei Leão II: O Reino de Simba,1998,Kiara é a filhote de Simba e Nala. A pequena le...,Animação
32,Vingadores: Ultimato,2019,"Após os eventos devastadores de ""Vingadores: Gu...",Ação
33,Todo Mundo em Pânico 3,2003,Tudo começa quando a apresentadora de telejorna...,Comédia
34,Socorro!,2026,"Após um acidente aéreo, um chefe e uma funcioná...",Terror
35,O Vale dos Sorrisos,2025,"No povoado mais alegre da Itália, um professor ...",Drama
36,Star Wars: O Mandaloriano e Grogu,2026,O maligno Império caiu e os senhores da guerra ...,Ação
37,Vidas Passadas,2023,Nora e Hae Sung são amigos de infância profunda...,Romance
38,Betty Blue,1986,Zorg é um faz-tudo que cuida de vários bangalôs...,Romance
39,Destino Insólito,2002,"Um magnata da indústria farmacêutica, Anthony ""...",Romance
40,Madagascar,2005,O leão Alex é a grande atração do zoológico do ...,Comédia
41,Busca Implacável,2008,"Bryan Mills é um ex-agente do governo, que deix...",Suspense
42,Piratas do Caribe: O Baú da Morte,2006,Will e Elizabeth estão prestes a se casar quand...,Ação
43,Q Sexual Desire,2011,Em um contexto social deteriorado por uma crise...,Romance
44,Como Perder um Homem em 10 Dias,2003,Ben é um publicitário que aposta com o chefe qu...,Romance
45,A Lenda de Hei,2019,Depois que o avanço dos humanos destrói a flore...,Fantasia
46,Interestelar,2014,As reservas naturais da Terra estão chegando ao...,Ficção Científica
47,O Abutre,2014,Enfrentando dificuldades para conseguir um empr...,Suspense
48,Duna: Parte Dois,2024,A jornada de Paul Atreides continua. Ele está d...,Ficção Científica
49,Detona Ralph,2012,Ralph está cansado de ser desprezado no seu pró...,Animação
50,Thor: Amor e Trovão,2022,"Thor parte em uma jornada de autodescoberta, di...",Comédia
51,As Cores do Mal: Preto,2026,Ao investigar o desaparecimento de crianças em ...,Suspense
52,Michael,2026,A história da vida de Michael Jackson além da m...,Drama
53,Pillion,2025,"Colin, um homem tímido, conhece Ray, um confian...",Romance
54,Procurando Dory,2016,Um ano depois dos acontecimentos narrados em “P...,Animação
55,Bola pra Cima,2026,"Nesta comédia, os executivos de marketing Brad ...",Ação
56,Super Mario Bros. O Filme,2023,Transportados do Brooklyn para o Reino Cogumelo...,Comédia
57,Invasão Zumbi,2016,A Coreia do Sul decreta estado de emergência ap...,Ação
58,Pânico VI,2023,"Sam, Tara, Chad e Mindy, os quatro sobrevivente...",Terror
59,Pearl Harbor,2001,Dois pilotos e amigos de longa data se apaixona...,Romance
60,O Espetacular Homem-Aranha,2012,Peter Parker está tentando saber mais sobre sua...,Ficção Científica
61,Gladiador,2000,"Nos dias finais do reinado de Marcus Aurelius, ...",Ação
62,Wish: O Poder dos Desejos,2023,"No reino mágico de Rosas, Asha é uma moça persp...",Animação
63,As Novas Viagens de Simbad,1973,Simbad e sua tripulação interceptam um animal f...,Drama
64,Casamento Sangrento: A Viúva,2026,A noiva retorna em uma nova e sinistra rodada d...,Terror
65,Gonjiam: Manicômio Assombrado,2018,A equipe de um web show de horror planeja trans...,Terror
66,A Fúria do Dragão,1972,Quando Chen Zhen descobre que seu venerado mest...,Suspense
67,Kung-Fusão,2004,"Em uma cidade controlada pela gangue Axe, o lad...",Fantasia
68,Police Story: A Guerra das Drogas,1985,O policial Chan Ka-Kui consegue botar atrás das...,Policial
69,A Pressão,2026,"Nas tensas 72 horas que antecederam o Dia D, e ...",Suspense
70,A Professora de Piano,2001,Erika Kohut trabalha como professora de piano n...,Romance
71,Sorria 2,2024,"Prestes a embarcar em uma nova turnê mundial, a...",Terror
72,IT: Capítulo Dois,2019,Vinte e sete anos após o Clube dos Otários derr...,Terror
73,Pobres Criaturas,2023,A jovem Bella Baxter é trazida de volta à vida ...,Ficção Científica
74,Ratatouille,2007,"Remy, morador de Paris, aprecia boa comida e te...",Comédia
75,O Senhor dos Anéis: As Duas Torres,2002,"Após a captura de Merry e Pippin pelos orcs, a ...",Ação
76,O Primata,2026,A universitária Lucy vai passar férias em casa ...,Terror
77,À Espera de um Milagre,1999,"Milagres acontecem em lugares inesperados, mesm...",Drama
78,Tubarão,1975,Um terrível ataque a banhistas é o sinal de que...,Terror
79,Enrolados,2010,"O bandido mais procurado do reino, Flynn Rider,...",Animação
80,Crepúsculo,2008,Isabella Swan é uma adolescente que vai morar c...,Drama
81,Lift: Roubo nas Alturas,2024,Um ladrão profissional e sua equipe tentam faze...,Policial
82,Pulp Fiction: Tempo de Violência,1994,Vincent Vega e Jules Winnfield são dois assassi...,Comédia
83,Forrest Gump: O Contador de Histórias,1994,"Quarenta anos da história dos Estados Unidos, v...",Drama
84,A Serbian Film - Terror sem Limites,2010,"Milos (Srdjan Todorovic), um ator pornô aposent...",Terror
85,Batman,1989,"Em Gotham City o milionário Bruce Wayne, que qu...",Policial
86,Exhuma,2024,Depois de sofrer uma série de eventos paranorma...,Terror
87,Na Rota do Crime,2026,Após descobrir um plano para transportar gado r...,Suspense
88,Até o Último Homem,2016,"Desmond T. Doss, foi o médico do Exército Ameri...",Drama
89,Se Não Fosse Você,2025,Morgan Grant e sua filha Clara precisam lidar c...,Romance
90,Babygirl,2024,Romy é uma executiva que conquistou seu posto c...,Romance
91,Entre Facas e Segredos,2019,"Após comemorar 85 anos de idade, o famoso escri...",Policial
92,Cinquenta Tons de Cinza,2015,Anastasia Steele (Dakota Johnson) é uma estudan...,Drama
93,A Queda,2022,Becky e Hunter são duas amigas que buscam avent...,Suspense
94,As Branquelas,2004,O que acontece quando dois atrapalhados agentes...,Comédia
95,Megamente,2010,Tudo o que vilão Megamente mais queria era elim...,Animação
96,Senario XX,2005,Um alienígena cai acidentalmente em uma pequena...,Comédia
97,Do Deewane Seher Mein,2026,Dois millennials socialmente desajeitados em Mu...,Romance
98,Advogado do Diabo,1997,"Kevin Lomax, advogado de uma pequena cidade da ...",Terror
99,Casablanca,1943,"Durante a Segunda Guerra Mundial, muitos fugiti...",Romance
100,Faces da Morte,2026,VOCÊ NÃO CONSEGUE DESVER ISSO. Uma moderadora d...,Terror
101,A Chegada,2016,Quando seres interplanetários deixam marcas na ...,Ficção Científica
102,Meu Querido Assassino,2026,"Perseguida por ter um tipo sanguíneo raro, uma ...",Ação
103,Bailarina: Do Universo de John Wick,2025,Bailarina se passa durante os eventos de ‘John ...,Ação
104,A Era do Gelo: Mundo de Lava,2027,Uma aventura alucinante repleta de dinossauros ...,Comédia
105,Jurassic World: Recomeço,2025,Cinco anos após os eventos de Jurassic World: D...,Ação
106,Bob Esponja: O Filme,2004,"Após a coroa do Rei Netuno ser roubada, Bob Esp...",Fantasia
107,Sicario: Terra de Ninguém,2015,Na crescente fronteira sem lei entre os Estados...,Policial
108,Força Bruta: Sem Saída,2023,O detetive Ma Seok-do investiga um caso de assa...,Policial
109,Holocausto Canibal,1980,O filme conta a história de quatro documentaris...,Terror
110,Terror em Silent Hill: Regresso Para o Inferno,2026,Quando uma carta misteriosa chama James de volt...,Drama
111,Batman vs Superman: A Origem da Justiça,2016,Temendo que as ações de um super-herói divino n...,Fantasia
112,Território Virgem,2007,"No século XIV, Pampinea é a filha única de uma ...",Comédia
113,Amnésia,2000,Leonard está caçando o homem que estuprou e mat...,Suspense
114,Oscar Shaw,2026,"Depois de se aposentar da polícia, um detetive ...",Policial
115,Conspiração Fatal,2022,"Davi Martins, um diretor comercial de uma insti...",Terror
116,Jogo Sujo,2025,Um ladrão profissional se lança no maior roubo ...,Suspense
117,Branca de Neve e os Sete Anões,1938,A rainha malvada morre de ciúmes da beleza de B...,Fantasia
118,Hellfire,2026,Um andarilho com um passado misterioso chega a ...,Suspense
119,O Poderoso Chefão: Parte II,1974,"Após a máfia matar sua família, o jovem Vito fo...",Drama
120,Piratas do Caribe: A Vingança de Salazar,2017,"O Capitão Jack, que anda passando por uma onda ...",Fantasia
121,Clube da Luta,1999,Um homem deprimido que sofre de insônia conhece...,Drama
122,O Fim da Escuridão,2010,Thomas (Mel Gibson) é um detetive policial que ...,Suspense
123,Homem-Aranha: Um Novo Dia,2026,Quatro anos se passaram desde os eventos de Sem...,Ação
124,Marsupilami: Confusão a Bordo,2026,"Para salvar seu emprego no zoológico, David ace...",Comédia
125,A Linha da Extinção,2024,A humanidade foi destruída por bestas alienígen...,Ação
126,Crônicas Sexuais de uma Família Francesa,2012,A celebração da sexualidade em três gerações. G...,Romance
127,Aliens: O Resgate,1986,"Cinquenta e quatro anos após escapar da ""Nostro...",Suspense
128,Deadpool 2,2018,Quando o super soldado Cable chega em uma missã...,Comédia
129,Os Bons Companheiros,1990,"A história real de Henry Hill, um garoto meio i...",Drama
130,A Hora do Mal,2025,"Quando todas as crianças de uma mesma classe, e...",Terror
131,Mestres do Universo,1987,Eternia é atacada por Esqueleto (Frank Langella...,Ação
132,Seven Snipers,2026,Uma franco-atiradora aposentada escondida em um...,Ação
133,O Fabuloso Destino de Amélie Poulain,2001,Após deixar a vida de subúrbio que levava com a...,Romance
134,Venom: A Última Rodada,2024,Eddie e Venom estão fugindo. Perseguidos pelos ...,Ação
135,Duro de Matar,1988,O policial de Nova York John McClane está visit...,Suspense
136,Feitiço do Tempo,1993,"Phil, um arrogante meteorologista de um canal d...",Fantasia
137,Uma Linda Mulher,1990,Um magnata perdido pede ajuda à uma prostituta ...,Romance
138,O Maníaco Invisível,1990,Cientista tarado é internado em hospício após a...,Ficção Científica
139,O Serviço de Entregas da Kiki,1989,"Uma jovem bruxa, em seu ano obrigatório de vida...",Animação
140,Velozes & Furiosos: Para Sempre,2028,Continuação direta de Velozes & Furiosos 10 (20...,Suspense
141,Minha Culpa: Londres,2025,"Noah, de 18 anos, se muda dos EUA para Londres ...",Romance
142,A Carne é Fraca,2025,O tímido Mark se apaixona pela misteriosa Ash. ...,Romance
143,A Sombra do Perigo,2025,"Um policial aposentado, especialista em rastrea...",Ação
144,Boyka: O Imbatível,2016,"No quarto capítulo da franquia de luta, Boyka e...",Suspense
145,Psicópata: El Asesino del Conejo Blanco,2026,Um assassino em série brutal desafia as autorid...,Terror
146,Armadilha,2024,Um pai e sua filha adolescente assistem a um ba...,Policial
147,Os Croods 2: Uma Nova Era,2020,"A família Crood se muda para um lugar seguro, o...",Animação
148,Vida de Inseto,1998,"Flik é uma formiga cheia de ideias que, em nome...",Comédia
149,Corajosa 3,2026,A destemida policial Shivani Shivaji Roy está d...,Suspense
150,Robôs,2005,Rodney Lataria é um robô que tem um dom para in...,Animação
151,The Flash,2023,Os mundos colidem quando Barry Allen usa seus s...,Ficção Científica
152,Babysitters de Luxo,2008,De um romance com o pai das crianças de quem cu...,Drama
153,O Tempo com Você,2019,O estudante Hodaka foge de sua casa em uma ilha...,Animação
154,Dinheiro Suspeito,2026,Quando uma equipe de policiais de Miami encontr...,Ação
155,A Bruxa - Parte 2: A Colisão,2022,Uma garota acorda em um enorme laboratório secr...,Suspense
156,Perigosa Obsessão,2014,"No verão de 1969, o Coronel Jin Pyeong, preso e...",Drama
157,O Sussurro,2026,"Assombrados pelo legado vampírico do pai, os ir...",Terror
158,O Fruto Maduro,1993,"A jovem e rica estudante Jane, deveria ir junto...",Romance
159,Lilo & Stitch,2002,Lilo é uma garotinha de cinco anos que ama cuid...,Animação
160,Na Fronteira 2,2026,"Três soldados idealistas do exército, marinha e...",Drama
161,Me Diga O Que Quer (De Verdade),2023,"Diego e Emilia, casados há 16 anos, redescobrem...",Drama
162,O Último Conquistador,2026,"Com o colapso do Império Mongol, um guerreiro m...",Ação
163,Faça Ela Voltar,2025,"Dois meios-irmãos, Andy e Piper, têm suas vidas...",Terror
164,O Protetor 2,2018,"Criminosos assassinam Susan Plummer, a melhor a...",Policial
165,Kantara: A Lenda de Shiva - Capítulo 1,2025,"Em uma aldeia do sul da Índia, um jovem rebelde...",Drama
166,Até a Última Gota,2025,Até onde ela vai aguentar? Após um dia devastad...,Policial
167,Caminhos do Crime,2026,Um ladrão enigmático realiza assaltos de alto r...,Suspense
168,O Segredo de Brokeback Mountain,2005,Um conto de amor sobre o relacionamento de dois...,Romance
169,Shang-Chi e a Lenda dos Dez Anéis,2021,Shang-Chi precisa confrontar o passado que pens...,Fantasia
170,O Fim da Rua,2026,Uma família nos anos 80 começa a perceber acont...,Ficção Científica
171,Luck,2022,A corajosa e azarada Sam Greenfield se aventura...,Animação
172,Mestres do Universo,2026,Adam caiu na Terra quando era criança e perdeu ...,Ação
173,Amores Expressos,1994,"Em Hong Kong, dois policiais se apaixonam por d...",Romance
174,Ne Zha 2: O Renascer da Alma,2025,"Após uma grande catástrofe, as almas de Ne Zha ...",Ação
175,A Princesa e o Plebeu,1953,A Princesa Anne embarca em uma turnê por divers...,Romance
176,Furiosa: Uma Saga Mad Max,2024,"Quando o mundo entra em colapso, a jovem Furios...",Ficção Científica
177,Uma Mente Brilhante,2001,"John Nash é um gênio da matemática que, aos 21 ...",Romance
178,Guerra Mundial Z,2013,Um vírus letal se espalha rapidamente e transfo...,Ficção Científica
179,Ninfomaníaca: Volume 1,2013,"Bastante machucada e largada em um beco, Joe é ...",Drama
180,Maldição da Múmia,2026,A filha de um jornalista desaparece num deserto...,Terror
181,X-Men: Apocalipse,2016,"Apocalipse, o primeiro mutante de todos, conseg...",Fantasia
182,Moana 2,2024,Depois de receber um chamado inesperado de seus...,Comédia
183,O Profissional,1994,Mathilda tem apenas 12 anos de idade mas já con...,Drama
184,Cinema Paradiso,1988,"Um diretor de cinema relembra como, em sua infâ...",Romance
185,Colisão: Acidente ou Homicídio?,2026,"Uma jovem bate o carro em um prédio, matando o ...",Policial
186,A Criada,2016,"Coreia do Sul, anos 1930. Durante a ocupação ja...",Drama
187,Código Alarum,2025,Joe e Lara são agentes secretos que vivem fora ...,Policial
188,A Última Batalha de Ellen Cole,2024,Um empreiteiro quer expulsar uma idosa... sem s...,Ação
189,Retrato de uma Jovem em Chamas,2019,"França, 1760. Marianne é contratada para pintar...",Romance
190,Amores Materialistas,2025,O lucrativo negócio de uma casamenteira se comp...,Romance
191,"As Crônicas de Nárnia: O Leão, a Feiticeira e o Guarda-Roupa",2005,Durante os bombardeios da Segunda Guerra Mundia...,Fantasia
192,A Vida Secreta de Zoe,2014,A trama conta uma história recheada de ação e s...,Drama
193,Primeiro as Damas,2026,Um mulherengo arrogante e carismático vê sua vi...,Comédia
194,A Centopéia Humana 2,2011,"Escrito e dirigido novamente por Six, a sequênc...",Policial
195,Águas Profundas,2022,"Vic e Melinda são um casal que, ao tentar resol...",Suspense
196,Pets: A Vida Secreta dos Bichos 2,2019,Max se vê enganado por Katie no primeiro traile...,Animação
197,Homem-Aranha: Longe de Casa,2019,Peter Parker está em uma viagem de duas semanas...,Ação
198,De Olhos Bem Fechados,1999,"Alice, uma curadora de arte, é casada com o dou...",Suspense
199,Questão de Tempo,2013,"Ao completar 21 anos, Tim descobre que pode via...",Fantasia
200,Sem Identidade,2009,"O jovem Casper é integrante da gang chamada ""La...",Policial
201,Mulan,1998,"Na antiga China, durante a guerra, todos os hom...",Animação
202,Coringa,2019,"Isolado, intimidado e desconsiderado pela socie...",Drama
203,A Hora do Rush 2,2001,Depois que um atentado a bomba na Embaixada dos...,Policial
204,A Noiva Cadáver,2005,As famílias de Victor e Victoria estão arranjan...,Fantasia
205,Peça-me o Que Quiser,2024,"Após a morte de seu pai, Eric Zimmerman viaja p...",Drama
206,Madagascar 3: Os Procurados,2012,"Os amigos Alex, Marty, Melman, Gloria, rei Juli...",Animação
207,Carros 3,2017,Durante mais uma disputa eletrizante nas pistas...,Animação
208,Meu Malvado Favorito 2,2013,Gru mudou radicalmente sua vida e se dedica às ...,Animação
209,Revelações,2025,"Ao investigarem um caso de desaparecimento, um ...",Policial
210,Wildcat,2025,"Ada, uma ex-agente de operações especiais de el...",Suspense
211,Se Esse Amor Desaparecesse Hoje,2025,Uma garota do ensino médio acorda todos os dias...,Romance
212,O Hobbit: A Desolação de Smaug,2013,"Ao lado de um grupo de anões e de Gandalf, Bilb...",Fantasia
213,Hotel Transilvânia,2012,O Hotel Transilvânia é um resort cinco estrelas...,Comédia
214,Lilo & Stitch,2025,"Stitch, um alienígena, chega ao planeta Terra a...",Ficção Científica
215,Homem-Aranha: Sem Volta Para Casa,2021,Peter Parker é desmascarado e não consegue mais...,Ação
216,O Iluminado,1980,"Durante o inverno, um homem é contratado para f...",Terror
217,365 Dias,2020,"Laura, a fim de salvar seu relacionamento, vai ...",Drama
218,Através da Minha Janela,2022,Raquel é louca pelo vizinho Ares há muito tempo...,Romance
219,Perdas e Danos,1992,O político britânico Stephen está em um casamen...,Drama
220,Rainha de Copas,2019,Anne é uma advogada do direito das crianças e d...,Drama
221,Inatividade Paranormal,2013,Malcolm e Kisha se mudam para a casa dos sonhos...,Terror
222,O Pequenino,2006,O anão Calvin mal saiu da prisão e já planeja u...,Policial
223,Colateral,2004,O taxista Max Durocher está trabalhando em uma ...,Policial
224,Universidade Monstros,2013,"Desde pequeno, Mike Wazowski sonha em ser um as...",Animação
225,Resgate Implacável,2025,Ele quer viver uma vida simples e ser um bom pa...,Ação
226,O Homem de Aço,2013,Um garoto descobre que não é deste planeta e qu...,Ficção Científica
227,Alice: Subservience,2024,Um pai de família compra uma robô com inteligên...,Ficção Científica
228,Cartas na Mesa,1998,Mike um talentoso jogador de cartas que perdeu ...,Policial
229,Jumanji: Próxima Fase,2019,"A turma está de volta, mas o jogo mudou. Quando...",Fantasia
230,Rampage - Destruição Total,2018,"Davis Okoye é um primatologista, um homem reclu...",Ficção Científica
231,Piratas do Caribe: A Maldição do Pérola Negra,2003,O pirata Jack Sparrow tem seu navio saqueado e ...,Ação
232,Zootopia: Essa Cidade é o Bicho,2016,"Em uma cidade de animais antropomórficos, uma r...",Comédia
233,Kingsman: Serviço Secreto,2015,Eggsy é um jovem com problemas de disciplina qu...,Policial
234,Branca de Neve,2025,Quando a Rainha Má manda matarem sua enteada po...,Fantasia
235,Bad Boys: Até o Fim,2024,Depois que seu falecido ex-capitão é incriminad...,Comédia
236,Caçadores de Emoção,1991,Após uma série de assaltos a bancos bizarros no...,Policial
237,Os Caça-Fantasmas,1984,"Em Nova York, Peter Venkman, Ray Stantz e Egon ...",Fantasia
238,O Exterminador do Futuro 2: O Julgamento Final,1991,O jovem John Connor é a chave para a vitória da...,Ficção Científica
239,Bee Movie: A História de uma Abelha,2007,O ambicioso jovem Barry B. Benson cai no mundo ...,Animação
240,Mickey 17,2025,Mickey faz parte de um programa espacial de col...,Ficção Científica
241,Carros,2006,"Ao viajar para a Califórnia, o famoso carro de ...",Comédia
242,Matrix Reloaded,2003,Após derrotar as máquinas em seu combate inicia...,Ficção Científica
243,Exit 8,2025,Um homem fica preso em uma passagem infinita de...,Terror
244,Todo Mundo em Pânico 2,2001,"Brincando com o terror, o professor Oldman e Dw...",Comédia
245,Moana,2026,"Na Polinésia Antiga, quando uma terrível maldiç...",Comédia
246,Mortal Kombat 2,2026,Os campeões favoritos dos fãs – agora acompanha...,Ação
247,Alien: Romulus,2024,Enquanto vasculham as profundezas de uma estaçã...,Ficção Científica
248,Sing - Quem Canta Seus Males Espanta,2016,Um empolgado coala chamado Buster decide criar ...,Animação
249,Inteligência Humana,2026,"Ao investigar um cartel russo, um agente sul-co...",Suspense
250,A Princesa e o Sapo,2009,"Desde criança, Tiana sonha em ter um restaurant...",Fantasia
251,Five Nights at Freddy's 2,2025,Um ano após o pesadelo sobrenatural na Freddy F...,Terror
252,Proposta Indecente,1993,Um casal enfrentando dificuldades financeiras r...,Romance
253,Invocação do Mal 4: O Último Ritual,2025,O casal de investigadores Ed e Lorraine Warren ...,Terror
254,Blade Runner 2049,2017,Trinta anos após os acontecimentos do primeiro ...,Ficção Científica
255,Kaiju No. 8: Missão de Reconhecimento,2025,O filme Kaiju No. 8: Missão de Reconhecimento a...,Animação
256,Flow,2024,"Gato é um animal solitário, mas quando seu lar ...",Fantasia
257,Raya e o Último Dragão,2021,"Muito tempo atrás, humanos e dragões viviam jun...",Fantasia
258,Como Treinar o Seu Dragão,2010,Soluço é um jovem viking que desafia a tradição...,Fantasia
259,Frozen II,2019,"Elsa, Anna, Kristoff, Olaf e Sven se aventuram ...",Comédia
260,Gênio Indomável,1997,Um professor do MIT descobre que um faxineiro d...,Drama
261,A Missão de Sandy Bochechas,2024,"A Fenda do Biquíni é retirada do oceano, levand...",Animação
262,Uma Noite Alucinante: A Morte do Demônio,1981,Cinco estudantes da Universidade de Michigan de...,Terror
263,Alien: Covenant,2017,"Viajando pela galáxia, os tripulantes da nave c...",Terror
264,JUJUTSU KAISEN: Execução,2025,"Yuji Itadori, acompanhado por seus colegas de c...",Ação
265,Tá Chovendo Hambúrguer,2009,As invenções de Flint nunca deram certo. Contud...,Animação
266,Matador de Aluguel,2024,Um ex lutador de UFC aceita um trabalho como se...,Suspense
267,Os Suspeitos,2013,Depois que sua filha de seis anos e uma amiga d...,Suspense
268,Harry Potter e as Relíquias da Morte - Parte 1,2010,"Harry, Ron e Hermione estão determinados em sua...",Fantasia
269,Bastardos Inglórios,2009,"Durante a Segunda Guerra Mundial, na França, um...",Suspense
270,Homem-Aranha 3,2007,O relacionamento entre Peter Parker e Mary Jane...,Ficção Científica
271,Você ou Eu?,2026,O romance entre um rapper de classe baixa e uma...,Suspense
272,A Era do Gelo 3,2009,"Depois que Sid rouba alguns ovos de dinossauro,...",Comédia
273,Mulher-Maravilha,2017,Treinada desde cedo para ser uma guerreira imba...,Fantasia
274,Prenda-Me se For Capaz,2002,"Frank Abagnale Jr. já foi médico, advogado e co...",Policial
275,Dhurandhar: A Vingança,2026,"Movido por uma tragédia pessoal, Hamza mergulha...",Ação
276,A Casa Mágica da Gabby: O Filme,2025,Gabby parte em uma viagem de carro com sua avó ...,Animação
277,Intenso Amor,2025,"Após anos afastados, um piloto de combate e uma...",Romance
278,Frankenstein,2025,"Dr. Victor Frankenstein, um cientista brilhante...",Drama
279,O Contador 2,2025,"Quando um conhecido é assassinado, deixando par...",Suspense
280,180,2026,Depois que um incidente no trânsito deixa seu f...,Policial
281,Piratas do Caribe: No Fim do Mundo,2007,Will Turner e Elizabeth Swann unem forças com o...,Fantasia
282,O Sexto Sentido,1999,Dr. Malcolm Crowe é um conceituado psicólogo in...,Suspense
283,Matar. Vingar. Repetir,2025,"Na tentativa de vingar a morte da filha, Irene ...",Ficção Científica
284,Pinóquio,1940,"Gepeto é um carpinteiro solitário que, um dia, ...",Animação
285,Conflitos Internos,2002,"Chan Wing Yan é um policial experiente, enviado...",Policial
286,O Bom Bandido,2025,Um criminoso carismático durante sua fuga da po...,Comédia
287,Homem-Aranha,2002,Peter Parker é um jovem estudioso que vive com ...,Ação
288,O Rei Leão,2019,Simba é um jovem leão cujo destino é se tornar ...,Animação
289,Terrifier 3,2024,O palhaço assassino Art está pronto para espalh...,Terror
290,Oppenheimer,2023,A história do físico americano J. Robert Oppenh...,Drama
291,xXx: Reativado,2017,Quando um grupo de mercenários letais rouba uma...,Ação
292,Titanic,1997,Um artista pobre e uma jovem rica se conhecem e...,Drama
293,Wicked,2024,Elphaba é uma jovem como outra qualquer do Rein...,Drama
294,Aladdin,1992,"Após o sultão ordenar que sua filha, a princesa...",Fantasia
295,Força Bruta: Punição,2024,O detetive Ma Seok-do se junta à Equipe de Inve...,Policial
296,Viúva Negra,2021,"Natasha Romanoff, também conhecida como Viúva N...",Ficção Científica
297,Amor e Outras Drogas,2010,Maggie é uma mulher de espírito livre que não q...,Romance
298,2012,2009,Bilhões de habitantes da Terra não estão ciente...,Ficção Científica
299,A Múmia,1999,"Em 1926, um grupo de arqueólogos descobre uma t...",Ação
300,Baise-moi,2000,"A história gira em torno de duas mulheres que, ...",Policial
301,O Exorcista,1973,"Em Georgetown, Washington, uma atriz vai gradat...",Terror
302,A Substância,2024,Uma estrela em declínio descobre uma substância...,Ficção Científica
303,Princesa Mononoke,1997,Um príncipe infectado por uma doença sabe que i...,Fantasia
304,Motoqueiro Fantasma,2007,Johnny Blaze trabalha como dublê e piloto de mo...,Suspense
305,After: Depois da Promessa,2022,"Em After 4 – Depois da Promessa, a relação entr...",Romance
306,Último Tango em Paris,1972,"Enquanto procura um apartamento em Paris, uma b...",Romance
307,Violet Evergarden: O Filme,2020,Vários anos se passaram desde o fim da Grande G...,Animação
308,Pânico,2022,Vinte e cinco anos após uma série de crimes bru...,Terror
309,Em Ritmo de Fuga,2017,O jovem Baby tem uma mania curiosa: precisa ouv...,Policial
310,Homem de Ferro,2008,"Tony Stark é um industrial bilionário, que tamb...",Ação
311,Monstros vs Alienígenas,2009,"Um meteoro atinge Susan, e ela se transforma em...",Animação
312,Sociedade dos Poetas Mortos,1989,"Em 1959 na Welton Academy, uma tradicional esco...",Drama
313,Parasita,2019,"Toda a família de Ki-taek está desempregada, vi...",Drama
314,Rivais,2024,"Tashi Duncan, atleta prodígio do tênis que se t...",Romance
315,Demon Slayer: Mugen Train - O Filme,2020,"Tanjiro, Inosuke e Zenitsu são enviados pelo co...",Fantasia
316,O Senhor dos Anéis: O Retorno do Rei,2003,O confronto final entre as forças do bem e do m...,Ação
317,Toy Story 2,1999,"Quando Andy viaja para um acampamento de verão,...",Comédia
318,Corra Que a Polícia Vem Aí!,2025,Apenas um homem tem as habilidades necessárias ...,Policial
319,A Viagem de Chihiro,2001,Chihiro e seus pais estão se mudando para uma c...,Fantasia
320,O Menino e a Garça,2023,"Depois de perder a mãe durante a guerra, o jove...",Animação
321,Os Caras Malvados 2,2025,Os agora reformados Bad Guys estão tentando (mu...,Comédia
322,Angry Birds: O Filme,2016,"Red, um pássaro com problemas de temperamento, ...",Animação
323,O Monstro da Ilha,2025,Um grupo de caçadores viaja até uma misteriosa ...,Ação
324,Amor de Redenção,2022,"Califórnia, 1850. Angel, vendida como prostitut...",Romance
325,Lindas e Letais,2026,Um thriller repleto de ação no qual cinco baila...,Ação
326,Pânico,1996,"Após uma série de mortes misteriosas, um grupo ...",Terror
327,Viagem Maldita,2006,Viagem Maldita é a história de uma família em f...,Terror
328,Coração Partido,2026,"Polina, uma estudante do ensino médio, é salva ...",Drama
329,Todo Mundo em Pânico,2000,Depois do assassinato de uma bela colega de cla...,Comédia
330,Cães de Aluguel,1992,"Seis homens, completamente estranhos uns aos ou...",Policial
331,Sexo Sem Compromisso,2011,Para sair da fossa de seu último relacionamento...,Romance
332,365 Dias Finais,2022,A falta de confiança deixa a relação entre Laur...,Drama
333,Neon Genesis Evangelion: O Fim do Evangelho,1997,"Um final alternativo para a série de anime ""Neo...",Fantasia
334,O Labirinto do Fauno,2006,"Espanha, 1944. Ofelia se muda com sua mãe para ...",Fantasia
335,"Filhas, Deu Ruim!",2026,"Um problemão bate à sua porta, e Rekha precisa ...",Drama
336,Doze Homens e Outro Segredo,2004,Após o sucesso do roubo e de conseguir de volta...,Policial
337,A Nova Onda do Imperador,2000,Divirta-se com o arrogante imperador Kuzco que ...,Fantasia
338,Observadores,2021,Depois de se mudarem para um lindo apartamento ...,Suspense
339,Dia D,2026,A existência de vida extraterrestre torna-se um...,Ação
340,Lagoa Azul: O Despertar,2012,Dois adolescentes se conhecem durante uma festa...,Romance
341,"Meu Professor, Minha Obsessão",2018,"Depois de se transferir a uma nova escola, onde...",Drama
342,Cruella,2021,Na Londres dos anos 70 em meio à revolução do p...,Comédia
343,Wormtown,2025,Quando um culto que adora parasitas que alteram...,Ficção Científica
344,Aventuras nas Alturas,2026,"Durante a era de ouro da aviação, um jovem entu...",Drama
345,Zootopia 2,2025,Os detetives Judy Hopps e Nick Wilde se encontr...,Ação
346,O Resgate do Soldado Ryan,1998,"Ao desembarcar na Normandia, no dia 6 de junho ...",Drama
347,Minha Culpa,2023,"Noah é obrigada a mudar de cidade, deixando seu...",Drama
348,Uma Batalha Após a Outra,2025,"Bob, um revolucionário fracassado, vive chapado...",Comédia
349,Coraline e o Mundo Secreto,2009,"Entediada em sua nova casa, a pequena Coraline ...",Fantasia
350,Harry Potter e as Relíquias da Morte - Parte 2,2011,"No final épico, a batalha entre as forças do be...",Fantasia
351,Círculo de Fogo,2013,Criaturas monstruosas conhecidas como Kaiju com...,Ficção Científica
352,Maze Runner: Correr ou Morrer,2014,"Num cenário pós-apocalíptico, uma comunidade de...",Ação
353,Jumanji: Bem-Vindo à Selva,2017,Quatro adolescentes que estão de castigo depois...,Fantasia
354,Scarlet,2025,"Scarlet, uma princesa que falhou em vingar o as...",Animação
355,Batman Begins,2005,Marcado pelo assassinato de seus pais quando ai...,Policial
356,Shrek Para Sempre,2010,Shrek faz um pacto com Rumpelstiltskin para sen...,Fantasia
357,Missão: Impossível - O Acerto Final,2025,Depois de escapar de um acidente de trem calami...,Ação
358,Devoradores de Estrelas,2026,Professor de ciências do ensino fundamental aco...,Ficção Científica
359,O Protetor,2014,O ex-agente secreto Robert McCall acredita que ...,Suspense
360,Instinto Selvagem,1992,"Em São Francisco, um detetive de polícia trabal...",Suspense
361,A Proposta,2009,"Margaret Tate é uma poderosa editora de livros,...",Comédia
362,Sou Louco Por Você,2012,"Depois de passar dois anos em Londres, Hache es...",Romance
363,O Hobbit: Uma Jornada Inesperada,2012,"Como a maioria dos hobbits, Bilbo Bolseiro leva...",Fantasia
364,Percy Jackson e o Ladrão de Raios,2010,O adolescente Percy Jackson descobre que os deu...,Fantasia
365,Kong: A Ilha da Caveira,2017,Um ex-militar viaja com um grupo de desbravador...,Fantasia
366,Maze Runner: Prova de Fogo,2015,"Após escapar do labirinto, Thomas e os garotos ...",Suspense
367,Homem-Aranha: Através do Aranhaverso,2023,Miles Morales retorna para o próximo capítulo d...,Ação
368,Velozes & Furiosos 7,2015,"Após os acontecimentos em Londres, Dom, Brian, ...",Suspense
369,Brilho Eterno de uma Mente sem Lembranças,2004,Joel se surpreende ao saber que seu amor verdad...,Ficção Científica
370,O Diário da Princesa,2001,Mia (Anne Hathaway) é uma garota de 15 anos que...,Romance
371,Garfield - Fora de Casa,2024,"Garfield, o mundialmente famoso gato de interio...",Comédia
372,Aquaman 2: O Reino Perdido,2023,"Agora mais temível do que nunca, Arraia Negra d...",Fantasia
373,Avatar: Fogo e Cinzas,2025,Após a devastadora guerra contra a RDA e a perd...,Ficção Científica
374,A Era do Gelo,2002,"Vinte mil anos atrás, num mundo coberto de gelo...",Comédia
375,Mortal Kombat,1995,Escolhidos cuidadosamente e levados até uma mis...,Fantasia
376,Jurassic World: O Mundo dos Dinossauros,2015,Vinte e dois anos depois dos acontecimentos em ...,Ficção Científica
377,Kung Fu Panda 3,2016,"Em uma visita a uma vila secreta com o pai, Po ...",Animação
378,Extermínio: O Templo dos Ossos,2026,Dr. Kelson se vê envolvido num novo relacioname...,Ficção Científica
379,A Voz do Silêncio,2016,Nishimiya Shouko é uma estudante com deficiênci...,Animação
380,Laila,2025,"Sonu Model, um renomado cabeleireiro da cidade ...",Romance
381,Conta Comigo,1986,"Em uma pequena cidade do Oregon, quatro amigos ...",Policial
382,O Limite do Prazer,2023,Quando o recluso Franklin trai sua garota com u...,Suspense
383,Scarlet Innocence,2014,"Há 8 anos, professor da Universidade de Hak-Kyu...",Romance
384,Minions & Monstros,2026,O terceiro filme da série spin-off dos Minions ...,Comédia
385,Jogos Mortais,2004,Dois homens acordam acorrentados em um banheiro...,Terror
386,Kung Fu Panda,2008,Po é um panda que trabalha na loja de macarrão ...,Comédia
387,Aristogatas,1970,Uma milionária excêntrica pretende deixar toda ...,Animação
388,Oito Mulheres e um Segredo,2018,"Cinco anos, oito meses, 12 dias... em contagem ...",Policial
389,A Princesa Prometida,1987,A princesa Buttercup é raptada por uma bizarra ...,Fantasia
390,Vingadores: Guerra Infinita,2018,"Homem de Ferro, Thor, Hulk e os Vingadores se u...",Ação
391,A Empregada,2025,Millie é uma mulher passando por dificuldades q...,Suspense
392,Love,2015,Murphy é um americano vivendo em Paris que se e...,Romance
393,O Poderoso Chefão,1972,"Em 1945, Don Corleone é o chefe de uma mafiosa ...",Drama
394,Os Piratas,2014,Um bando de piratas e um grupo de bandidos luta...,Fantasia
395,Uma Cura de Outro Mundo,2025,"Durante a sua lua de mel, Nick encontra uma cri...",Terror
396,Onde os Fracos Não Têm Vez,2007,Quando um homem se depara com a sangrenta cena ...,Suspense
397,O Incrível Hulk,2008,"Vivendo escondido e longe de Betty Ross, a mulh...",Ficção Científica
398,Kung Fu Futebol Clube,2001,"Sing, que é adepto da prática do kung fu shaoli...",Comédia
399,A Chave,1983,Descoberta a admiração secreta de sua esposa pa...,Romance
400,Apenas uma noite,2014,O filme são 2 histórias:EnredoNight Bug (dir. p...,Romance
401,Patrulha Canina: Um Filme Superpoderoso,2023,"Um meteoro mágico cai em Adventure City, dá sup...",Animação
402,Angry Birds 2: O Filme,2019,Red e seus amigos dedicam a vida a proteger a I...,Animação
403,Bugonia,2025,Dois jovens obcecados por teorias da conspiraçã...,Ficção Científica
404,Encanto,2021,Uma garota chamada Mirabel Madrigal cresce como...,Comédia
405,A Era do Gelo 2,2006,O aquecimento global traz ameaças de inundações...,Comédia
406,Os Incríveis,2004,Beto Pêra e sua mulher Helena estavam entre os ...,Animação
407,Um Dia Fora de Controle,2025,Quando o contador desempregado Brian leva seu f...,Comédia
408,Força Bruta,2022,Ao cumprir uma extradição de um suspeito em out...,Policial
409,Grease: Nos Tempos da Brilhantina,1978,"Na Califórnia de 1959, a boa moça Sandy e o met...",Romance
410,Sex Weather,2018,Sydney e Darrel se conheceram enquanto trabalha...,Romance
411,Na Zona Cinzenta,2026,Dois especialistas em resgates embarcam na difí...,Ação
412,O Lado Bom de Ser Traída,2023,"Nesta adaptação do livro de Sue Hecker, uma con...",Romance
413,Jurassic World: Domínio,2022,"Quatro anos após a destruição da Ilha Nublar, o...",Ficção Científica
414,MIB - Homens de Preto,1997,"Kay e Jay, os Homens de Preto, são o maior segr...",Ficção Científica
415,Alice no País das Maravilhas,2010,"A Alice de 19 anos de idade, que regressa ao ex...",Fantasia
416,Esposa de Mentirinha,2011,"Infeliz em sua tentativa de casamento, Danny pa...",Romance
417,Corações Jovens,2024,Elias desenvolve sentimentos por seu novo vizin...,Romance
418,Homem-Aranha: No Aranhaverso,2018,Miles Morales é um jovem negro do Brooklyn que ...,Ação
419,O Pacto dos Lobos,2001,"Em 1765, durante o reinado de Luís XV, uma mist...",Ação
420,Let's Go To Rose Motel,2013,Seong Soo ainda não teve nenhum contato físico ...,Romance
421,Chappie,2015,"Em um futuro próximo, a África do Sul decidiu s...",Policial
422,Desejo e Reparação,2007,"Em 1935, no dia mais quente do ano na Inglaterr...",Romance
423,Frozen: Uma Aventura Congelante,2013,A destemida e otimista Anna sai em uma jornada ...,Fantasia
424,Tron: Ares,2025,Um programa de IA altamente avançado chamado Ar...,Ficção Científica
425,Intocáveis,2011,Quando um ex-presidiário é contratado para cuid...,Drama
426,Criaturas Extraordinariamente Brilhantes,2026,Uma viúva que trabalha como faxineira noturna e...,Drama
427,Anora,2024,"Anora, uma jovem profissional do sexo que traba...",Comédia
428,Eles Vão te Matar,2026,Uma mulher aceita um emprego como governanta em...,Ação
429,Antes do Amanhecer,1995,"Jesse (Ethan Hawke), um jovem americano, e Celi...",Romance
430,Boca de Fumo,2025,"Em El Paso, Texas, um agente disfarçado da Narc...",Suspense
431,O Enigma de Outro Mundo,1982,"Na remota Antártida, um grupo de cientistas ame...",Terror
432,Triplo X,2002,"O ex-atleta de esportes extremos Xander ""XXX"" C...",Ação
433,Céu e Inferno,1963,"Em um momento crucial de sua vida financeira, G...",Policial
434,O Mágico de Oz,1939,Dorothy e seu cachorro Totó são levados para a ...,Fantasia
435,O Macaco,2025,Dois irmãos gêmeos encontram um macaco de brinq...,Terror
436,Attack on Titan: O ÚLTIMO ATAQUE,2024,O filme reúne os dois últimos episódios da acla...,Animação
437,Temporada de Sangue,2025,Um pai solteiro fará de tudo para proteger sua ...,Ação
438,A Garota da Casa ao Lado,2007,"Estados Unidos, anos 50. Meg e Susan são duas i...",Drama
439,Justiça Artificial,2026,"Em um futuro próximo, um detetive é acusado de ...",Ficção Científica
440,A Vida é Bela,1997,"Durante a Segunda Guerra Mundial na Itália, o j...",Comédia
441,O Castelo Animado,2004,"Sophie, uma jovem chapeleira, é transformada em...",Fantasia
442,Aquaman,2018,"A cidade de Atlantis, que já foi lar de uma das...",Fantasia
443,Pecadores,2025,Dispostos a deixar suas vidas conturbadas para ...,Ação
444,Alice no País das Maravilhas,1951,Alice é uma garota curiosa e cansada da monoton...,Fantasia
445,Ninfomaniaca: Volume 2,2013,"Bastante machucada e largada em um beco, Joe (C...",Drama
446,Adoráveis Mulheres,2019,"As irmãs Jo, Beth, Meg e Amy amadurecem na vira...",Romance
447,Vingadores: Era de Ultron,2015,"Ao tentar proteger o planeta de ameaças, Tony S...",Ficção Científica
448,Baywatch: S.O.S. Malibu,2017,Quando uma perigosa onda de crime atinge o loca...,Policial
449,A Única Saída,2025,Um homem é demitido da empresa de papel onde tr...,Suspense
450,Eu Sou a Lenda,2007,Robert Neville é um brilhante cientista e o úni...,Ficção Científica
451,Guardiões da Galáxia: Vol. 3,2023,"Peter Quill, que ainda está se recuperando da p...",Ficção Científica
452,Versa,2025,"Um jovem casal vivencia uma gama de emoções, do...",Animação
453,Invocação do Mal 3: A Ordem do Demônio,2021,Um dos casos mais sensacionais de seus arquivos...,Terror
454,O Predador: A Caçada,2022,"Ambientado há 300 anos na Nação Comanche, esta ...",Ficção Científica
455,Uma Sexta-Feira Mais Louca Ainda,2025,A história continua anos depois de Tess e Anna ...,Fantasia
456,A Bela e a Fera,1991,"Em uma pequena aldeia da França vive Belle, uma...",Fantasia
457,A Saga Crepúsculo: Eclipse,2010,Bella mais uma vez encontra-se rodeada pelo per...,Romance
458,Perdido em Marte,2015,O astronauta Mark Watney é enviado a uma missão...,Ficção Científica
459,Deadpool & Wolverine,2024,Um apático Wade Wilson trabalha duro na vida ci...,Ação
460,Os Caras Malvados,2022,Nunca houve cinco amigos tão infames quanto Os ...,Policial
461,Normal,2026,"O xerife interino Ulysses, chamado à cidade iso...",Ação
462,The Sleeper,2025,Ferman é um assassino de sangue frio que elimin...,Suspense
463,O Diabo Veste Prada,2006,Andrea Sachs é uma jovem que conseguiu um empre...,Drama
464,F1: O Filme,2025,"Sonny Hayes, a lenda do automobilismo, é persua...",Ação
465,Os Sem-Floresta,2006,"A primavera chegou, o que faz com que os animai...",Animação
466,Taxi Driver: Motorista de Táxi,1976,Veterano de guerra mentalmente instável trabalh...,Policial
467,Drácula - Uma História de Amor Eterno,2025,"No século XV, o príncipe Vlad II perde o seu am...",Terror
468,Avatar,2009,"Apesar de não ter mais os movimentos da perna, ...",Ação
469,Aves de Rapina: Arlequina e sua Emancipação Fantabulosa,2020,"Arlequina, Canário Negro, Caçadora, Cassandra C...",Policial
470,Família do Bagulho,2013,Um traficante é forçado por seu chefe a ir ao M...,Policial
471,Harry Potter e o Prisioneiro de Azkaban,2004,É o início do terceiro ano na escola de magia e...,Fantasia
472,Malévola,2014,Motivada por vingança e o desejo feroz de prote...,Fantasia
473,Harry Potter e o Enigma do Príncipe,2009,À medida que Lord Voldemort aumenta seu control...,Fantasia
474,Diário Proibido,2008,Valére (Belén Fabra) é uma jovem empresária de ...,Romance
475,Kung Fu Panda 2,2011,"Po vive o sonho de ser o dragão guerreiro, prot...",Animação
476,"Boa Sorte, Divirta-se, Não Morra",2026,Um homem vindo do futuro chega a uma lanchonete...,Ficção Científica
477,Thor: O Mundo Sombrio,2013,Thor precisa contar com a ajuda de seus companh...,Fantasia
478,Patos!,2023,A família Mallard está um pouco refém da rotina...,Comédia
479,Miraculous: As Aventuras de Ladybug - O Filme,2023,"Marinette Dupain-Cheng, de dezesseis anos, está...",Animação
480,Um Sonho de Liberdade,1994,"Em 1946, Andy Dufresne, um banqueiro jovem e be...",Drama
481,Divertida Mente,2015,"Quando Riley, de 11 anos, se muda para uma nova...",Drama
482,De Volta para o Futuro,1985,"Marty McFly, um típico adolescente americano do...",Ficção Científica
483,O Senhor dos Anéis: A Sociedade do Anel,2001,"Após herdar um anel de seu tio, o hobbit Frodo ...",Ação
484,Tudo em Todo o Lugar ao Mesmo Tempo,2022,Uma imigrante chinesa parte rumo a uma aventura...,Ficção Científica
485,Animal,2023,"Após morar anos no exterior, um filho impassíve...",Policial
486,Meu Amigo Robô,2023,"Dog mora em Nova York e, cansado de ficar sozin...",Animação
487,Mother Mary,2026,Feridas antigas reabrem quando a icônica estrel...,Suspense
488,Transformers: O Despertar das Feras,2023,Optimus Prime e os Autobots enfrentam seu maior...,Ficção Científica
489,Os Estranhos: Capítulo Final,2026,Maya enfrenta os assassinos mascarados uma últi...,Terror
490,Destruição Final: O Último Refúgio,2020,Quando cientistas descobrem que um cometa ating...,Ficção Científica
491,Cidade de Deus,2002,Buscapé é um jovem morador da Cidade de Deus qu...,Policial
492,Star Wars: Os Últimos Jedi,2017,A tranquila e solitária vida de Luke Skywalker ...,Ficção Científica
493,Uma Segunda Chance,2026,Kenna comete um erro imperdoável que a leva à p...,Drama
494,Longlegs - Vínculo Mortal,2024,A agente do FBI Lee Harker é designada para o c...,Policial
495,Doce Vingança,2010,A escritora Jennifer aluga uma cabana isolada p...,Terror
496,Trem-Bala,2022,5 assassinos da máfia japonesa se encontram à b...,Suspense
497,Pink Floyd: The Wall,1982,"A história é sobre Pink, um astro do rock and r...",Drama
498,Eu & Você na Toscana,2026,Depois de perder o emprego e o apartamento no m...,Romance
499,Hit Para Dois,2026,"Rick, um cantor de casamentos, apresenta uma de...",Comédia
500,O Poderoso Chefinho 2: Negócios da Família,2021,Em O Poderoso Chefinho 2 acompanha novamente os...,Animação
501,Os Simpsons: O Filme,2007,Homer deve salvar o mundo de uma catástrofe que...,Animação
502,As Aventuras de Tintim,2011,Tintim é um jovem repórter que tem um histórico...,Animação
503,Os Sonhadores,2003,"Em meio a tumultos políticos, três estudantes s...",Romance
504,Acompanhante Perfeita,2025,"Josh e Iris parecem ser o casal ideal, até que ...",Ficção Científica
505,Transformers: O Início,2024,Veja a história não contada da origem de Optimu...,Animação
506,Aladdin,2019,"Um jovem humilde descobre uma lâmpada mágica, c...",Fantasia
507,O Justiceiro: Uma Última Morte,2026,Enquanto Frank Castle busca um significado além...,Ação
508,Whiplash: Em Busca da Perfeição,2014,Andrew sonha em ser o melhor baterista de sua g...,Drama
509,Blade: O Caçador de Vampiros,1998,Após ser contaminado pelo sangue de uma criatur...,Terror
510,O Grande Truque,2006,"No século 19, em Londres, dois amigos ilusionis...",Ficção Científica
511,Cinquenta Tons de Liberdade,2018,"Superados os principais problemas, Anastasia e ...",Drama
512,Sorria,2022,Após testemunhar um acidente traumático e bizar...,Terror
513,Um Quarto em Roma,2010,Um quarto de hotel no centro de Roma serve de p...,Drama
514,Blade Runner: O Caçador de Andróides,1982,"No início do século 21, uma grande corporação d...",Ficção Científica
515,A Longa Marcha: Caminhe ou Morra,2025,Um grupo de adolescentes compete em uma competi...,Terror
516,Não Entre,2026,Um grupo de exploradores investiga um antigo ho...,Terror
517,A Casa de Verão,2026,"Selin, 21 anos, de repente volta para o verão d...",Drama
518,O Jogo da Imitação,2014,"Em 1939, a recém-criada agência de inteligência...",Suspense
519,Vingadores: Doutor Destino,2026,"Os Vingadores, Wakandanos, Quarteto Fantástico,...",Ficção Científica
520,Vivo ou Morto: Um Mistério Knives Out,2025,O detetive Benoit Blanc conta com a ajuda de um...,Comédia
521,O Menu,2022,Um casal viaja para uma ilha costeira para come...,Terror
522,Fogo Contra Fogo,1995,O ladrão obsessivo Neil McCauley lidera uma equ...,Policial
523,Top Gun - Ases Indomáveis,1986,A escola naval de pilotos é onde o melhor dos m...,Romance
524,Star Wars: A Ascensão Skywalker,2019,"Com o retorno do Imperador Palpatine, todos vol...",Ficção Científica
525,Por Cima do seu Cadáver,2026,Uma comédia de humor ácido com um toque de susp...,Ação
526,Kraven: O Caçador,2024,"Sergei Kravinoff é um grande caçador, que toma ...",Suspense
527,Thor,2011,"Como filho de Odin, rei dos deuses nórdicos, Th...",Fantasia
528,Valente,2012,Merida é uma arqueira talentosa e a filha obsti...,Fantasia
529,Era Uma Vez na América,1984,Depois de crescer no gueto judeu de Nova Iorque...,Drama
530,Solo Mio,2026,Com o coração partido em Roma após um desastre ...,Romance
531,O Corcunda de Notre Dame,1996,"Quasimodo, um corcunda, vive uma vida isolada. ...",Animação
532,Signal One,2026,Uma cientista da computação é recrutada por um ...,Ficção Científica
533,Capitão América: Guerra Civil,2016,"Depois do ataque de Ultron, os políticos decide...",Ficção Científica
534,O Príncipe do Egito,1998,"No Egito antigo, quando os hebreus lá viviam co...",Animação
535,Trainspotting: Sem Limites,1996,"Em Edimburgo, na Escócia, vive Renton, um jovem...",Policial
536,12 Homens e uma Sentença,1957,Um jovem porto-riquenho é acusado do brutal cri...,Drama
537,Viva: A Vida é uma Festa,2017,Apesar da desconcertante proibição da música im...,Animação
538,Robô Selvagem,2024,"Um robô – unidade ROZZUM 7134, abreviadamente “...",Ficção Científica
539,SISU: Estrada da Vingança,2025,Um explosivo evento de ação sequência de SISU. ...,Suspense
540,Deva,2025,Um policial jovem e obstinado pega um caso comp...,Policial
541,Elio,2025,"Elio, um garoto oprimido com uma imaginação fér...",Animação
542,Blush,2021,Um astronauta solitário cai em um planeta desol...,Fantasia
543,Cada Um na Sua Casa,2015,O planeta Terra foi invadido por seres extra-te...,Animação
544,007: Cassino Royale,2006,Depois de obter o status 00 e uma licença para ...,Suspense
545,Alien: O Oitavo Passageiro,1979,Quando a tripulação da sonda espacial Nostromo ...,Ficção Científica
546,Preparada para a Guerra,2025,Cinco anos após uma ruptura na realidade trazer...,Ação
547,Saída: Fuga em Seul,2019,Embora tenha sido um grande alpinista na faculd...,Comédia
548,Prometheus,2012,Uma equipe de cientistas embarca em uma jornada...,Terror
549,Peaky Blinders: O Homem Imortal,2026,Após o envolvimento do filho em um complô nazis...,Drama
550,Extraordinário,2017,Auggie Pullman é um garoto que nasceu com uma d...,Drama
551,Almôndegas,1979,Um instrutor de uma colônia de férias (Bill Mur...,Comédia
552,A Rocha,1996,"Um general, herói na Guerra do Vietnã, e seus c...",Suspense
553,Con Air: A Rota da Fuga,1997,Cameron Poe conquistou a liberdade condicional ...,Policial
554,Todas as Coisas São Belas,1995,"Aos 15 anos, um rapaz se envolve com sua profes...",Drama
555,A Bela e a Fera,2017,"Moradora de uma pequena aldeia francesa, Bela t...",Fantasia
556,Jack Ryan de Tom Clancy: Guerra Fantasma,2026,"Neste novo filme, Jack Ryan volta ao mundo da e...",Ação
557,Divertida Mente 2,2024,"""Divertida Mente 2"", da Disney e da Pixar, reto...",Comédia
558,Pânico na Floresta: A Fundação,2021,Um grupo de amigos de Nova Iorque fazem uma via...,Terror
559,Que Horas Eu Te Pego?,2023,Uma jovem falida é contratada para namorar um a...,Romance
560,Scarface,1983,Após receber residência permanente nos EUA em t...,Policial
561,Tróia,2004,"Quando Páris, o príncipe de Troia, se apaixona ...",Ação
562,Velozes & Furiosos 8,2017,"Depois que Brian e Mia se aposentaram, e o rest...",Policial
563,Beast,2026,Um pescador comercial que luta para sustentar a...,Ação
564,(500) Dias com Ela,2009,Um romântico escritor se surpreende quando sua ...,Romance
565,A Noiva!,2026,"Na década de 1930, Frankenstein viaja a Chicago...",Ficção Científica
566,Show de Vizinha,2004,O bom aluno e formando Matthew Kidman tem plano...,Comédia
567,Inatividade Paranormal 2,2014,Malcolm (Marlon Wayans) está tentando reiniciar...,Terror
568,Bolt: Supercão,2008,Bolt é o astro do maior e mais divertido show d...,Animação
569,Zodíaco,2007,"Durante os anos 60 e 70, o medo aumenta em São ...",Policial
570,Mad Max: Estrada da Fúria,2015,"Em um mundo apocalíptico, Max Rockatansky acred...",Ficção Científica
571,Psicose,1960,Marion Crane é uma secretária que rouba 40 mil ...,Terror
572,Liga da Justiça de Zack Snyder,2021,Determinado a garantir que o sacrifício final d...,Fantasia
573,O Império dos Sentidos,1976,A história de uma ex-prostituta que envolve-se ...,Romance
574,Midsommar: O Mal Não Espera a Noite,2019,Dani e Christian formam um jovem casal american...,Terror
575,Juntos,2025,O que poderia ser uma oportunidade para recomeç...,Romance
576,Toy Story 3,2010,"Woody, Buzz e o resto dos brinquedos de Andy nã...",Comédia
577,Minions 2: A Origem de Gru,2022,"A continuação das aventuras dos Minions, sempre...",Policial
578,A Pequena Sereia,2023,Ariel é uma curiosa sereia que deseja experimen...,Fantasia
579,Anaconda,2025,Uma crise de meia-idade inspira Doug e Griff a ...,Terror
580,Star Wars: Episódio I - A Ameaça Fantasma,1999,"Enquanto resgatam a Rainha Amidala, governante ...",Ficção Científica
581,A Odisseia,2026,"Acompanhe a saga de Odisseu, o lendário rei de ...",Ação
582,Shrek Terceiro,2007,"O rei Harold, pai de Fiona, morre repentinament...",Fantasia
583,Bad Boys Para Sempre,2020,Marcus Burnett agora é um inspetor e Mike Lowre...,Policial
584,Zona Zero,2026,"Durante uma Conferência de Biotecnologia, o que...",Ação
585,After,2019,"Tessa Young é uma jovem com uma vida simples, ó...",Drama
586,Lego Batman: O Filme,2017,"No spin-off de Uma Aventura Lego, Batman (Will ...",Animação
587,WALL-E,2008,"No ano 2800, num planeta Terra devastado e sem ...",Ficção Científica
588,Kill Bill: Volume 1,2003,"A ex-assassina conhecida apenas como ""A Noiva"" ...",Policial
589,A Era do Gelo: As Aventuras de Buck,2022,As peripécias hilárias dos mamíferos pré-histór...,Animação
590,Dhurandhar,2025,"No início da década de 2000, um policial se inf...",Ação
591,Assassinos da Lua das Flores,2023,"Na década de 1920, em Oklahoma, o povo da tribo...",Policial
592,It: A Coisa,2017,"Na cidade de Derry, no Maine, sete jovens se ju...",Terror
593,Uma Ideia de Você,2024,"Solène, leva a filha, para assistir ao show de ...",Comédia
594,Ted 2,2015,O urso de pelúcia Ted casa-se com Tami-Lynn. O ...,Comédia
595,No Amor e Na Música,2025,"Vaani e Krish terão que lidar com a vida, seus ...",Drama
596,Os Incríveis 2,2018,Helena é chamada para liderar uma campanha para...,Animação
597,Além do Dever,2026,Com a segurança da família em risco e diante de...,Drama
598,A Garota do Adeus,1977,"Depois de ser abandonada por seu namorado, uma ...",Romance
599,I Love Boosters,2026,Um grupo destemido de jovens mulheres criativas...,Policial
600,Assassinato no Expresso do Oriente,2017,Várias pessoas estão fazendo uma viagem longa e...,Policial
601,Sobrenatural,2011,Josh e Renai se mudam com a família para uma ca...,Terror
602,Irreversível,2002,"O filme narra, de trás para frente, a história ...",Drama
603,A Barraca do Beijo,2018,O primeiro beijo de Elle vira um romance proibi...,Romance
604,Esqueceram de Mim 2: Perdido em Nova York,1992,"Garoto se vê novamente sozinho, quando em virtu...",Comédia
605,Eternidade,2025,"Numa vida após a morte, onde as almas têm uma s...",Romance
606,Shazam!,2019,"Billy Batson tem apenas 14 anos de idade, mas r...",Fantasia
607,Diário de um Adolescente,1995,"Jim Carrol sonha em ser um astro do basquete, m...",Policial
608,Kill Bill: Volume 2,2004,"Após ser traída por Bill e seu antigo grupo, a ...",Policial
609,Os Mercenários 4,2023,A equipe enfrenta um traficante de armas que co...,Suspense
610,A Era do Gelo 4,2012,"Sempre em busca de sua cobiçada noz, o esquilo ...",Comédia
611,Infidelidade,2002,"Num subúrbio de Nova York, Connie Sumner (Diane...",Drama
612,O Afinador,2026,Niki é um afinador de pianos talentoso treinado...,Suspense
613,Invocação do Mal 2,2016,Lorraine e Ed Warren ajudam uma mãe solteira a ...,Terror
614,Solo Leveling -Segundo Despertar-,2024,Mais de uma década após o surgimento dos “portõ...,Fantasia
615,After: Depois do Desencontro,2021,Embora a história de amor entre Tessa Young e H...,Drama
616,Michael Jackson: Searching for Neverland,2017,O que aconteceu com Michael Jackson? Esta é a h...,Drama
617,Os Bad Boys II,2003,Os detetives da Narcóticos Marcus Burnett e Mik...,Policial
618,Plano em Família,2023,"Dan Morgan é muitas coisas: um marido dedicado,...",Comédia
619,"Boa Sorte, Leo Grande",2022,"Em Boa Sorte, Leo Grande, Nancy Stokes é uma pr...",Romance
620,Cruzada,2005,Ainda em luto pela repentina morte de sua espos...,Drama
621,Moonwalker,1988,Mr. Big é um poderoso traficante de drogas que ...,Fantasia
622,A Caminho do Verão,2022,"No verão antes da faculdade, a estudiosa Auden ...",Romance
623,Destruição Final 2,2026,Tendo encontrado a segurança do bunker da Groen...,Ficção Científica
624,How to Have Sex,2023,Três adolescentes britânicas vão de férias para...,Drama
625,Oldboy,2003,Dae-Su é raptado e mantido em cativeiro por 15 ...,Suspense
626,A Centopéia Humana,2009,O filme relata uma viagem de duas jovens americ...,Terror
627,A Bela Adormecida,1959,Ciumenta e vingativa a fada Malévola lança um f...,Animação
628,A Saga Crepúsculo: Amanhecer - Parte 1,2011,"Um casamento, uma lua de mel e o nascimento de ...",Fantasia
629,A Hora do Rush 3,2007,O leste encontra o oeste novamente. Depois de u...,Policial
630,Enterrando os Mortos,2026,Um desastre militar catastrófico não apenas tro...,Terror
631,O Grande Lebowski,1998,"Em Los Angeles, 1991, Jeff Lebowski, mais conhe...",Policial
632,Malta,2024,"Problemas familiares, amor não correspondido e ...",Ficção Científica
633,Batman: O Cavaleiro das Trevas,2008,"Após dois anos desde o surgimento do Batman, os...",Ação
634,Por Água Abaixo,2006,"Roddy St. James, o mimado ratinho de estimação,...",Animação
635,Toy Story 4,2019,"Agora morando na casa da pequena Bonnie, Woody ...",Comédia
636,Dupla Perigosa,2026,"Dois meios-irmãos que não se falavam há muito, ...",Ação
637,Supergirl,2026,Kara Zor-El comemora seu aniversário de 21 anos...,Ação
638,A Morte do Demônio: A Ascensão,2023,Duas irmãs distantes cujo reencontro é interrom...,Terror
639,Slanted,2026,"""Slanted"" é um filme de ficção científica, terr...",Ficção Científica
640,POV: Presença Oculta,2026,O que começou como uma chamada de rotina vira u...,Terror
641,Hokum: O Pesadelo da Bruxa,2026,O escritor solitário Ohm Bauman refugia-se em u...,Terror
642,Pânico na Floresta 2,2007,"De olho em prêmio, grupo de desconhecidos parti...",Terror
643,Toy Story 5,2026,"O trabalho de Buzz, Woody, Jessie e do resto da...",Comédia
644,Sleepers: A Vingança Adormecida,1996,Quatro garotos da periferia de Nova York são co...,Policial
645,A Guerra do Amanhã,2021,"Em 2051, a humanidade está perdendo uma guerra ...",Ficção Científica
646,Magnatas do Crime,2020,"Um talentoso graduado estadunidense em Oxford, ...",Policial
647,Hamnet: A Vida Antes de Hamlet,2025,Um dos mais importantes escritores do cânone oc...,Drama
648,Capitã Marvel,2019,"Capitã Marvel, parte do exército de elite dos K...",Ficção Científica
649,O Retorno da Múmia,2001,Rick e Evelyn O'Connell estão morando na Londre...,Fantasia
650,Kung Fu Panda 4,2024,Po está prestes a se tornar o novo líder espiri...,Ação
651,Como Eu Era Antes de Você,2016,"Will é um garoto rico e bem-sucedido, até sofre...",Romance
652,"Oi, Papai",2023,Uma menina de 6 anos com uma doença crônica ped...,Romance
653,3 Idiotas,2009,Farhan e Raju partem em busca de seu amigo e co...,Drama
654,Homem-Aranha: De Volta ao Lar,2017,"Depois de atuar ao lado dos Vingadores, chegou ...",Ação
655,Beekeeper: Rede de Vingança,2024,Clay está em busca de vingança e não vai parar ...,Suspense
656,A Fantástica Fábrica de Chocolate,2005,Willy Wonka é o excêntrico dono da maior fábric...,Comédia
657,O Imbatível III: Redenção,2010,A cadeia se torna um ringue quando oito prision...,Policial
658,Outro Amor Fora do Tempo,2025,"O calouro astro do futebol americano, Drayton, ...",Romance
659,A Tristeza,2021,Um jovem casal tenta se reencontrar no meio de ...,Terror
660,A Saga Crepúsculo: Amanhecer - Parte 2,2012,"Após dar a luz a Renesmee, quase morrer e ser t...",Fantasia
661,Todo Mundo em Pânico 5,2013,O novo filme da franquia mais politicamente inc...,Comédia
662,Bata Antes de Entrar,2015,"Em uma noite chuvosa, duas belas mulheres batem...",Terror
663,Perfume: A História de um Assassino,2006,Jean-Baptiste Grenouille nasceu com o dom de se...,Policial
664,Nausicaä do Vale do Vento,1984,"Após os Sete Dias de Fogo, uma guerra que destr...",Animação
665,Pantera Negra: Wakanda para Sempre,2022,"A rainha Ramonda, Shuri, M'Baku, Okoye e as pod...",Ficção Científica
666,Megatubarão 2,2023,Um mergulho exploratório nas profundezas do oce...,Ficção Científica
667,Matrix,1999,O jovem programador Thomas Anderson é atormenta...,Ação
668,365 Dias: Hoje,2022,"Em 365 Dias: Hoje, após os acontecimentos de 36...",Drama
669,México 1986,2026,Quando surge uma oportunidade de última hora pa...,Drama
670,Alvin e os Esquilos,2007,"Alvin, Simon e Theodore são três esquilos espec...",Animação
671,Mike & Nick & Nick & Alice,2026,"Uma comédia de ação hilária e estilizada, para ...",Ficção Científica
672,Jogos Vorazes: A Esperança - Parte 1,2014,Após sobreviver à temível arena dos Jogos Voraz...,Suspense
673,Caos e Destruição,2025,"Um roubo de drogas sai do controle, levando um ...",Policial
674,Demon Slayer: Kimetsu no Yaiba Castelo Infinito,2025,Enquanto os membros dos caçadores e os Hashira ...,Ação
675,undertone,2026,A apresentadora de um popular podcast paranorma...,Terror
676,Onze Homens e um Segredo,2001,Danny Ocean é um homem de ação. Apenas 24 horas...,Suspense
677,Elementos,2023,"Em uma cidade onde moradores do fogo, da água, ...",Comédia
678,Bob Esponja: Em Busca da Calça Quadrada,2025,Bob Esponja e seus amigos da Fenda do Bikini em...,Comédia
679,Alerta Vermelho,2021,"No mundo do crime internacional, a INTERPOL lan...",Policial
680,Miraculous World: Tóquio - Força Estelar,2025,Marinette e Kyoko vão a Tóquio para se unirem a...,Animação
681,Amor à Flor da Pele,2000,"Ambientado em Hong Kong no início dos anos 60, ...",Romance
682,Guardiões da Galáxia - Vol. 2,2017,Os Guardiões precisam lutar para manter sua rec...,Ficção Científica
683,O Poderoso Chefão: Parte III,1990,"Don Michael Corleone está envelhecendo e, com a...",Suspense
684,Preparação e Pouso: Operação Bola de Neve,2025,Os elfos de Natal Lanny e Wayne entram em pânic...,Animação
685,Soul,2020,Joe Gardner é um professor de música de ensino ...,Fantasia
686,Vingança Brutal,2026,"Quando sua esposa é brutalmente assassinada, Ca...",Ação
687,Dupla Implacável,2010,James Reece (Jonathan Rhys Meyers) é o assisten...,Policial
688,Irmã do Pecado,2015,Desde a primeira vez em que Zoe (Ryan Newman) c...,Suspense
689,Um Cabra Bom de Bola,2026,Uma pequena cabra com grandes sonhos recebe uma...,Comédia
690,9 Canções,2004,"Londres, verão de 2003. Matt conhece Lisa, uma ...",Drama
691,O Bom Dinossauro,2015,Em um mundo onde os dinossauros e os humanos co...,Animação
692,Jurassic World: Reino Ameaçado,2018,Quatro anos após o fechamento do Jurassic World...,Suspense
693,Gente Grande,2010,A morte do treinador de basquete da infância de...,Comédia
694,Closer: Perto Demais,2004,Anna (Julia Roberts) é uma fotógrafa bem sucedi...,Romance
695,Marty Supreme,2025,Marty Mauser é um jovem prodígio do tênis de me...,Drama
696,O Fantástico Sr. Raposo,2009,O Sr. Raposo e a Sra. Raposa levam uma vida fel...,Animação
697,Gente Grande 2,2013,Lenny Feder e sua família se mudam para sua cid...,Comédia
698,O Lorax: Em Busca da Trúfula Perdida,2012,O menino Ted (Zac Efron) descobriu que o sonho ...,Animação
699,Um Lugar Silencioso: Dia Um,2024,"Quando Samira retorna para Nova York, sua viage...",Terror
700,Carros 2,2011,"O astro das corridas, Relâmpago McQueen, e o ca...",Comédia
701,Marco: Justiça Implacável,2024,"Em Kerala, a influente família Adattu domina o ...",Policial
702,Pânico na Floresta 4: Origens Sangrentas,2011,Um grupo de jovens esquiadores consegue encontr...,Terror
703,Wonka,2023,Antes de se tornar a mente brilhante por trás d...,Fantasia
704,Glass Onion: Um Mistério Knives Out,2022,O famoso detetive Benoit Blanc vai à Grécia par...,Policial
705,Dilwale vai levar a noiva,1995,Raj e Simran são dois jovens indianos vivendo e...,Drama
706,Secretária,2002,Uma jovem acaba de receber alta de um hospital ...,Romance
707,Constantine,2005,John Constantine (Keanu Reeves) é um experiente...,Terror
708,Operação Vingança,2025,Depois que sua esposa é tragicamente morta em u...,Suspense
709,O Predador,1987,"O major Alan ""Dutch"" Schaefer lidera uma equipe...",Ação
710,Seven - Os Sete Crimes Capitais,1995,"Quando, a ponto de se aposentar, o detetive Wil...",Suspense
711,Heel,2026,"Um criminoso de 19 anos, Tommy, é sequestrado e...",Suspense
712,Kick-Ass: Quebrando Tudo,2010,"Usando sua paixão por histórias em quadrinhos, ...",Policial
713,Diário de uma Paixão,2004,"Na década de 40, o operário Noah Calhoun e a ri...",Drama
714,Iron Lung: Oceano de Sangue,2026,"Após o desaparecimento das estrelas e planetas,...",Ficção Científica
715,Nossa Culpa,2025,O casamento de Jenna e Lion marca o tão esperad...,Drama
716,Extermínio: A Evolução,2025,Já se passaram quase três décadas desde que o v...,Ficção Científica
717,O Galinho Chicken Little,2005,Chicken Little é um galo cheio de imaginação qu...,Animação
718,Matrix Revolutions,2003,"Após enfrentar os sentinelas no mundo real, Neo...",Suspense
719,Guerreiras do K-Pop,2025,"Quando não estão lotando estádios, as estrelas ...",Comédia
720,O Quinto Elemento,1997,"No século XXIII, um motorista de taxi de Nova Y...",Ficção Científica
721,A Morte de um Unicórnio,2025,"Elliot, funcionário de uma empresa farmacêutica...",Terror
722,A Lenda de Hei 2,2025,O filme conta a história de uma “nova missão” d...,Fantasia
723,O Exterminador do Futuro: Gênesis,2015,"John Connor, líder da resistência humana contra...",Suspense
724,Dollhouse,2025,Yoshie e Tadahiko são casados e tinham uma filh...,Terror
725,Dungeons & Dragons: Honra Entre Rebeldes,2023,Um ladrão charmoso e um grupo de aventureiros i...,Comédia
726,Amor Demais,2026,"Após a morte de seu irmão, June recomeça a vida...",Drama
727,...E o Vento Levou,1939,Scarlett O'Hara é uma jovem mimada que consegue...,Romance
728,Predador: Assassino de Assassinos,2025,Essa antologia animada original acompanha três ...,Animação
729,Assassino a Preço Fixo 2 - A Ressurreição,2016,Arthur Bishop é obrigado a reativar seu lado cr...,Policial
730,Malévola: Dona do Mal,2019,Os anos foram gentis com Malévola e Aurora. Seu...,Fantasia
731,E.T.: O Extraterrestre,1982,Um alienígena é deixado para trás na Terra e é ...,Ficção Científica
732,Agak Laen: Menyala Pantiku!,2025,"Após fracassarem repetidamente em suas missões,...",Policial
733,Jogos Psicológicos,2021,Um casal apaixonado passa um tempo longe da civ...,Suspense
734,Ela,2013,"Em um futuro próximo, um escritor solitário des...",Romance
735,Psicopata em Fuga,2026,Um policial rastreia um assassino depois que se...,Terror
736,Van Helsing: O Caçador de Monstros,2004,O famoso caçador de monstros Van Helsing é envi...,Terror
737,O Bad Boy e Eu,2025,Dallas sonha em entrar para a melhor escola de ...,Romance
738,Sultão,2016,Sultan é a história de Sultan Ali Khan - um cam...,Romance
739,Ted,2012,"Quando criança, John desejou que seu ursinho Te...",Comédia
740,Kulong,2024,Três amigos se refugiam em um resort para colab...,Drama
741,Corra!,2017,"Agora que Chris e sua namorada, Rose, chegaram ...",Terror
742,O Esquadrão Suicida,2021,"Bem-vindos ao inferno: Belle Reve, a prisão com...",Comédia
743,A Origem,2010,Cobb é um ladrão habilidoso que comete espionag...,Ação
744,Ela é o Cara,2006,"Viola é uma boa jogadora de futebol, mas sempre...",Romance
745,Todo Mundo em Pânico,2026,Vinte e seis anos depois de escaparem de um ass...,Comédia
746,Fale Comigo,2023,Quando um grupo de amigos descobre como conjura...,Terror
747,Torturada Pelo Próprio Pai,2021,Sarah Cody é uma adolescente que não vê a hora ...,Suspense
748,Irmão Urso,2003,Em busca de vingança por seu pai ter sido morto...,Animação
749,Avatar: O Caminho da Água,2022,12 anos depois de explorar Pandora e se juntar ...,Ação
750,Drive,2011,Um motorista habilidoso é dublê em Hollywood e ...,Policial
751,American Pie: A Primeira Vez é Inesquecível,1999,"Jim Kevin, Oz e Finch são quatro amigos às vésp...",Comédia
752,Thor: Ragnarok,2017,Thor está preso do outro lado do universo. Ele ...,Ficção Científica
753,A Identidade Bourne,2002,Um homem sem memória é resgatado do oceano por ...,Suspense
754,Os Croods,2013,Um terremoto destrói a caverna de uma família p...,Animação
755,Quarteto Fantástico: Primeiros Passos,2025,No vibrante cenário de um mundo retrofuturista ...,Ação
756,Monstros S.A.,2001,"O astro do susto, Sulley, e seu falante assiste...",Comédia
757,After: Depois da Verdade,2020,"Após descobrir sobre a aposta, Tessa (Josephine...",Romance
758,Spirit: O Corcel Indomável,2002,No final do século XVII em pleno Oeste norte-am...,Animação
759,Meu Malvado Favorito 4,2024,"Nesta sequência, o vilão mais amado do planeta ...",Ação
760,Peter Pan,1953,"Deixando o conforto e segurança de seus lares, ...",Animação
761,Food Truck do Amor,2025,"A história de Sofia, que perde o emprego e o na...",Romance
762,Logan,2017,"Em um futuro próximo, um cansado Logan cuida do...",Ficção Científica
763,Kaguya: A Princesa Espacial,2026,A vida de Iroha sai da órbita quando a fugitiva...,Fantasia
764,"Se Beber, Não Case!",2009,"Dois dias antes de seu casamento, Doug e três a...",Comédia
765,"Vermelho, Branco e Sangue Azul",2023,"Depois que uma altercação entre Alex, o filho d...",Romance
766,Godzilla e Kong: O Novo Império,2024,O poderoso Kong e o temível Godzilla se unem co...,Ficção Científica
767,O Sorveteiro,2026,Um sorveteiro misterioso distribui um doce amal...,Terror
768,Como Treinar o Seu Dragão 3,2019,Decidido a fazer de Berk um verdadeiro libelo a...,Animação
769,Missão Refúgio,2026,"Um ex-assassino de aluguel, agora um homem recl...",Ação
770,Intenções Perigosas,1993,Executivo perde o emprego e se suicida. Acredit...,Suspense
771,Manual Prático da Vingança Lucrativa,2026,Deserdado desde o nascimento por sua família bi...,Comédia
772,Horton e o Mundo dos Quem!,2008,"Horton é um elefante que, um dia, ouve um pedid...",Animação
773,O Dublê,2024,Colt é um dublê que tem uma tremenda queda pela...,Romance
774,A Pequena Sereia,1989,"Ariel é a filha caçula do Rei Tritão, comandant...",Fantasia
775,Superman,2025,"Superman, um jovem repórter de Metrópolis, emba...",Ação
776,Contatos Imediatos do Terceiro Grau,1977,Em uma pequena cidade americana vive Roy Neary ...,Ficção Científica
777,O Contador,2016,O matemático Christian Wolff sente-se muito mai...,Policial
778,Rocky Em Uma Gatástrofe,2026,"Quando um dos planos de Humdinger dá errado, o ...",Animação
779,10 Coisas Que Eu Odeio em Você,1999,"Em seu primeiro dia na nova escola, Cameron se ...",Comédia
780,Piratas do Caribe: Navegando em Águas Misteriosas,2011,O passado do capitão Jack Sparrow volta a alcan...,Fantasia
781,Marcas da Violência,2005,Tom Stall leva uma vida tranquila e feliz na pe...,Suspense
782,Predador: Terras Selvagens,2025,"No futuro, em um planeta remoto, um jovem Preda...",Ação
783,Ataque Brutal,2026,"Em meio a um furacão devastador, uma comunidade...",Terror
784,Uma Aventura Lego,2014,"Emmet é um Lego comum, até o dia em que é confu...",Animação
785,Desejo e Perigo,2007,"Durante a Segunda Guerra Mundial, uma agente se...",Suspense
786,Nos Seus Sonhos,2025,Um casal de irmãos viaja pela paisagem absurda ...,Fantasia
787,Homem de Ferro 3,2013,Depois de um inimigo reduzir o mundo de Tony St...,Ação
788,Shrek,2001,"Há muito tempo, em um pântano muito remoto, viv...",Comédia
789,Atirador,2007,O atirador Marksman Bob Lee Swagger deixa o exé...,Suspense
790,Hereditário,2018,"Após a morte da reclusa avó, a família Graham c...",Terror
791,Expresso Galático Metrô Via-Lácteo: O Filme,2026,Seis delinquentes precisam limpar um trem como ...,Ação
792,A Lista de Schindler,1993,O alemão Oskar Schindler viu na mão de obra jud...,Drama
793,O Protetor: Capítulo Final,2023,"Sentindo-se em casa no sul da Itália, o ex-agen...",Suspense
794,Entre Dois Amores,2020,Após François herdar a serralheria de sua famíl...,Romance
795,Vizinhança do Barulho,1996,Ashtray agora é um homem e está de volta ao vio...,Policial
796,John Wick: Um Novo Dia para Matar,2017,O lendário John Wick é forçado a deixar a apose...,Suspense
797,Gigantes de Aço,2011,"Em um futuro próximo, as máquinas substituem os...",Ação
798,Operação Cupido,1998,As gêmeas Hallie e Annie foram separadas ainda ...,Romance
799,Ponto Sem Retorno,2026,Após a população mundial ter sido devastada por...,Suspense
800,Obsessão,2026,"Sem grandes pretensões, um romântico incurável ...",Terror
801,O Grinch,2018,O Grinch é um ser verde que não suporta o Natal...,Animação
802,Sua Culpa,2024,O amor entre Noah e Nick aparenta ser inabaláve...,Drama
803,Sobrenatural: A Porta Vermelha,2023,Josh Lambert segue para o leste para deixar seu...,Terror
804,O Assassinato de Rachel Nickell,2026,Uma jovem mãe é assassinada em plena luz do dia...,Policial
805,John Wick 4: Baba Yaga,2023,"Com o preço por sua cabeça cada vez maior, John...",Ação
806,Jogo da Morte,1978,Billy Lo é um ator de filmes de artes marciais ...,Suspense
807,Madagascar 2,2008,"Alex e seus amigos tentam voltar para casa, mas...",Animação
808,Carga Explosiva,2002,O ex-operador das Forças Especiais Frank Martin...,Policial
809,O Drama,2026,Profundamente apaixonados e em meio aos prepara...,Drama
810,Me Chame Pelo Seu Nome,2017,O sensível e único filho da família americana c...,Romance
811,K.G.F: Capítulo 2,2022,A terra sangrenta de Kolar Gold Fields (KGF) te...,Suspense
812,Duna,2021,"Em um futuro distante, planetas são comandados ...",Ficção Científica
813,Drácula de Bram Stoker,1992,O vampiro Conde Drácula vem à Inglaterra atrás ...,Romance
814,Como Mágica,2026,Uma pequena criatura da floresta e um pássaro m...,Fantasia
815,A Outra Face,1997,Obcecado em trazer o terrorista Castor Troy à j...,Policial
816,Doutor Estranho no Multiverso da Loucura,2022,"Doutor Estranho, com a ajuda de aliados místico...",Fantasia
817,Mortal Kombat,2021,O lutador de MMA Cole Young deve treinar para l...,Ação
818,Plano em Família 2,2025,Agora que os dias de assassino de Dan ficaram p...,Comédia
819,Ghost in the Shell: O Fantasma do Futuro,1995,"Major Motoko Kusanagi, uma ciborgue do Setor de...",Animação
820,Os Vingadores: The Avengers,2012,"Loki, o irmão de Thor, ganha acesso ao poder il...",Ação
821,Guerra nas Estrelas: O Império Contra-Ataca,1980,As forças imperais comandadas por Darth Vader l...,Ficção Científica
822,Doutor Estranho,2016,"Após sua carreira ser destruída, um brilhante, ...",Fantasia
823,Meu Malvado Favorito,2010,"Um homem que adora todas as coisas diabólicas, ...",Ficção Científica
824,Extermínio,2002,Um poderoso vírus está a solta. Transmitido em ...,Ficção Científica
825,Harry Potter e a Câmara Secreta,2002,"Carros voadores, árvores que lutam e um misteri...",Fantasia
826,Babilônia,2022,"Durante a era de ouro de Hollywood, em Los Ange...",Comédia
827,"Cara de Um, Focinho de Outro",2026,Mabel é uma jovem amante da natureza que tenta ...,Ficção Científica
828,Emoji: O Filme,2017,Textopolis é a cidade onde os Emojis favoritos ...,Comédia
829,King's Man: A Origem,2021,Quando uma série dos piores tiranos e gênios do...,Suspense
830,Nosferatu,2024,Um conto gótico de obsessão entre uma jovem ass...,Terror
831,O Senhor dos Anéis: A Guerra dos Rohirrim,2024,183 anos antes dos eventos narrados na trilogia...,Animação
832,As Ovelhas Detetives,2026,George é um pastor que lê romances policiais pa...,Comédia
833,Guerra nas Estrelas,1977,A princesa Leia é mantida refém pelas forças im...,Ação
834,Os Bad Boys,1995,Um carregamento de heroína confiscada avaliada ...,Policial
835,Amnésia Criminosa,2025,"Após cumprir quatorze anos de prisão por roubo,...",Drama
836,O Rei Leão,1994,"Mufasa, o Rei Leão, e a rainha Sarabi apresenta...",Drama
837,Pornô: Sedutora e Fatal,2019,Abe é um adolescente pervertido que trabalha co...,Terror
838,Todo Poderoso,2003,Apesar de sua popularidade e do amor de sua nam...,Comédia
839,Encontro Marcado,1998,Quando o Anjo da Morte chega à Terra para busca...,Fantasia
840,Top Gun: Maverick,2022,Depois de mais de 30 anos de serviço como um do...,Ação
841,Rambo: Programado Para Matar,1982,Quando o ex-Boina Verde John Rambo é assediado ...,Suspense
842,Desafio no Bronx,1993,"Bronx, 1960. Um garoto de nove anos, filho de u...",Policial
843,Tom e Jerry: Uma Aventura no Museu,2025,"Jerry invade uma grande exposição no museu, mas...",Fantasia
844,Pantera Negra,2018,O príncipe T'Challa retorna a Wakanda para ser ...,Ficção Científica
845,Hotel Transilvânia 2,2015,"Drácula percebe que seu neto, que é metade huma...",Animação
846,Guerra Primitiva,2025,"Durante a Guerra do Vietnã, uma unidade de reco...",Ficção Científica
847,Rio,2011,Capturada por contrabandistas de animais quando...,Animação
848,O Justiceiro,2004,"Após ter sua esposa e filho assassinados, Frank...",Policial
849,The Mortuary Assistant,2026,"Rebecca Owens, recém-formada em ciências mortuá...",Terror
850,Ilha do Medo,2010,"No verão de 1954, os agentes judiciais Teddy Da...",Suspense
851,Viveiro,2019,Na esperança de encontrar o lugar perfeito para...,Terror
852,Segundas Intenções,1999,"Sem querer, Annette passa a ser objeto de um di...",Drama
853,Truque de Mestre,2013,Um agente do F.B.I. e uma detetive da Interpol ...,Suspense
854,Trocando as Bolas,1983,O que pode acontecer quando um magnata de Wall ...,Comédia
855,O Estranho Mundo de Jack,1993,"Jack Skellington, o Rei das Abóboras, se cansa ...",Fantasia
856,O Telefone Preto 2,2025,"Quatro anos após escapar de The Grabber, Finney...",Terror
857,Look Back,2024,Esta é a história de Fujino e Kyomoto. Enquanto...,Animação
858,O Jogo do Predador,2026,Uma mulher em luto embarca sozinha em uma avent...,Ação
859,Hércules,1997,"Dono de uma força sobre-humana, o jovem mortal ...",Fantasia
860,O Sobrevivente,2025,"Em um futuro próximo, ""O Sobrevivente"" é o show...",Ação
861,O Primeiro Amor,2010,Juli e Bryce se conheceram aos sete anos de ida...,Drama
862,Quatro Irmãos,2005,"Bobby (Mark Wahlberg), Jeremiah (André Benjamin...",Policial
863,Mufasa: O Rei Leão,2024,Acompanhe a história épica da ascensão improváv...,Animação
864,Resgate 2,2023,"Depois de escapar da morte por um triz, o merce...",Policial
865,Um Drink no Inferno,1996,Dois irmãos procurados pela polícia por 16 mort...,Terror
866,Super Mario Galaxy: O Filme,2026,"Depois de salvar o Reino dos Cogumelos, Mario e...",Comédia
867,O Show de Truman: O Show da Vida,1998,Truman Burbank é um pacato vendedor de seguros ...,Drama
868,O Exterminador do Futuro,1984,"Em um futuro próximo, a guerra entre humanos e ...",Ficção Científica
869,Barbie,2023,"No mundo mágico das Barbies, ""Barbieland"", uma ...",Comédia
870,Alerta Apocalipse,2026,Quando um fungo altamente perigoso escapa de um...,Ficção Científica
871,Animais Fantásticos e Onde Habitam,2016,"O ano é 1926 e algo misterioso, que ameaça expo...",Fantasia
872,Le calde notti di Poppea,1969,As Noites Quentes de Popeia (italiano: Le calde...,Comédia
873,A Noiva do Ano,2026,Depois que seu sonho de formar uma família dá e...,Romance
874,Amor a Toda Prova,2011,O quarentão Carl Weaver leva uma vida feliz ao ...,Romance
875,Corra que a Polícia Vem Aí!,1988,Leslie Nielsen interpreta o tira cabeça-dura Fr...,Policial
876,O Silêncio da Noite,2024,Lucjan é enviado para um asilo onde ele é muito...,Drama
877,Entre Montanhas,2025,Dois agentes altamente treinados se aproximam à...,Ficção Científica
878,Megatubarão,2018,"Na fossa mais profunda do Oceano Pacífico, a tr...",Terror
879,Cinderela,2015,"Após a trágica e inesperada morte do seu pai, E...",Fantasia
880,Jack Reacher: O Último Tiro,2012,O ex-investigador militar Jack Reacher surge da...,Policial
881,Akira,1988,Uma grande explosão fez com que Tóquio fosse de...,Animação
882,A Era do Gelo: O Big Bang,2016,"Depois que o esquilo Scrat, involuntariamente, ...",Ficção Científica
883,Wicked: Parte II,2025,"Elphaba, agora demonizada como a Bruxa Má do Oe...",Fantasia
884,Anônimo 2,2025,"O pai suburbano Hutch Mansell, ex-assassino let...",Suspense
885,Perfect Blue,1998,Mima Kirigoe é membro de uma banda de música po...,Suspense
886,Pânico na Floresta,2003,"Cinco amigos percorrem uma trilha na floresta, ...",Terror
887,Plano Doentio,2003,Um jovem volta para casa para encontrar seu pai...,Romance
888,Testemunha de Acusação,1957,Quando Leonard Vole é preso sob a acusação de t...,Policial
889,A Hora do Rush,1998,Quando a filha de um diplomata chinês é sequest...,Comédia
890,Mortal Kombat Legends: Batalha dos Reinos,2021,Os heróis de Earthrealm devem viajar para Outwo...,Animação
891,A Lenda de Aang: O Último Mestre do Ar,2026,"O Avatar Aang, o último mestre do ar do mundo, ...",Ação
892,Rango,2011,Rango é um camaleão da cidade grande que vai pa...,Comédia
893,Harry Potter e a Ordem da Fênix,2007,"Lord Voldemort está de volta, mas o Ministério ...",Fantasia
894,Baahubali: The Epic,2025,Um guerreiro lendário surge de origens humildes...,Drama
895,Todo Mundo em Pânico 4,2006,Mais uma continuação da franquia de filmes que ...,Comédia
896,Cinderela,1950,"Cinderela vive com sua madrasta, Lady Tremaine,...",Fantasia
897,O Curioso Caso de Benjamin Button,2008,Benjamin Button é um homem que nasce idoso e re...,Romance
898,Tusk: A Transformação,2014,Um americano escritor de podcasts impetuoso vai...,Terror
899,Aluna Exemplar e Estrela Pornô,2017,"Miriam Weeks, também conhecida como Belle Knox,...",Drama
900,Ponyo - Uma Amizade que Veio do Mar,2008,Um garoto de 5 anos chamado Sosuke fica amigo d...,Animação
901,Shrek 2,2004,"Após se casar com a Princesa Fiona, Shrek vive ...",Comédia
902,Infiltrado,2021,"Harry, conhecido apenas como H, é um homem mist...",Suspense
903,O Espanta Tubarões,2004,Oscar é um pequeno peixe que tem sonhos grandes...,Animação
904,Planeta dos Macacos: O Reinado,2024,"Várias gerações no futuro, após o reinado de Cé...",Ficção Científica
905,A Saga Crepúsculo: Lua Nova,2009,"Logo após Bella Swan completar 18 anos, Edward ...",Fantasia
906,Orgulho e Preconceito,2005,"Elizabeth Bennet vive com sua mãe, pai e irmãs ...",Romance
907,Red: Crescer é Uma Fera,2022,"Mei, de treze anos, está experimentando a estra...",Comédia
908,Passageiro do Mal,2026,"Durante uma viagem de van, um jovem casal prese...",Terror
909,Straight,2024,Roberto é um banqueiro bem-sucedido de 32 anos ...,Romance
910,Máquina de Guerra,2026,"Em sua última missão de treinamento, um engenhe...",Ação
911,Abigail,2024,Um grupo de criminosos sequestra a filha de 12 ...,Terror
912,Invocação do Mal,2013,"Harrisville, Rhode Island, Estados Unidos, 1968...",Terror
913,A Freira,2018,"Presa em um convento na Romênia, uma freira com...",Terror
914,Psicopata Americano,2000,"Em Nova York, em 1987, o belo jovem profissiona...",Suspense
915,Gato de Botas 2: O Último Pedido,2022,O Gato de Botas descobre que sua paixão pela av...,Comédia
916,Toy Story: Um Mundo de Aventuras,1995,Buzz Lightyear é o novo e sofisticado astronaut...,Comédia
917,Mortal Kombat: A Aniquilação,1997,"Shao Kahn, o imperador do Outworld, desrespeita...",Ficção Científica
918,Your name.,2016,Mitsuha é a filha do prefeito de uma pequena ci...,Drama
919,Todos Menos Você,2023,"Bea e Ben parecem o casal perfeito, mas depois ...",Comédia
920,As Strippers Zumbi,2008,Quando uma agência secreta do governo libera um...,Terror
921,Laranja Mecânica,1971,"Em uma Inglaterra do futuro, um membro de uma g...",Policial
922,Identidade,2003,Uma violenta tempestade faz com que um grupo de...,Suspense
923,Midori,1992,Uma garotinha vendedora de flores perde a mãe e...,Terror
924,Garota do Século 20,2022,O ano é 1999 e uma adolescente começa a monitor...,Romance
925,Vingadora,2026,Nikki é uma ex-militar que lutou nos piores cam...,Ação
926,Sherlock Holmes,2009,O excêntrico detetive consultor Sherlock Holmes...,Policial
927,A Desconhecida,2026,Uma mulher é encontrada em um contêiner totalme...,Suspense
928,Ursos Sem Curso: O Filme,2020,"Quando Pardo, Panda e Polar, amantes de food tr...",Animação
929,Cabo do Medo,1991,Quando o advogado Sam Bowden retém provas que p...,Suspense
930,Luca,2021,"Ambientado na bela Riviera Italiana, este longa...",Comédia
931,Edward Mãos de Tesoura,1990,Peg Boggs é uma vendedora que acidentalmente de...,Romance
932,Casamento Sangrento,2019,Grace acaba de se casar com o herdeiro milionár...,Terror
933,Harry Potter e a Pedra Filosofal,2001,"Harry Potter é um garoto que, após a misteriosa...",Fantasia
934,Coringa: Delírio a Dois,2024,Arthur Fleck está institucionalizado em Arkham ...,Policial
935,Resgate em Grande Altitude,2025,Ativistas criminosos fazem 300 reféns. Um extre...,Suspense
936,Missão: Impossível - Acerto de Contas Parte 1,2023,Ethan Hunt e sua equipe embarcam em sua missão ...,Suspense
937,Dangal,2016,Um ex-lutador treina duas de suas filhas para c...,Comédia
938,"O Gângster, o Policial e o Diabo",2019,"Depois de sobreviver a um ataque violento, um g...",Suspense
939,O Lobo de Wall Street,2013,"Durante seis meses, Jordan Belfort trabalhou du...",Drama
940,Batman,2022,"Em seu segundo ano de combate ao crime, Batman ...",Suspense
941,Lobos,2024,Dois solucionadores rivais se cruzam quando amb...,Policial
942,007: Sem Tempo para Morrer,2021,Bond deixou o serviço ativo e está desfrutando ...,Suspense
943,Paixão Sem Limites,2010,"Dois jovens, que pertencem a mundos diferentes,...",Drama
944,Fervura Máxima,1992,"Em Hong Kong, Yuen, um inspetor de polícia que ...",Policial
945,Adrenalina,2006,Chev Chelios é um assassino profissional que de...,Policial
946,Paixão de Escritório,2026,Uma comédia romântica apimentada sobre dois vic...,Comédia
947,Snatch: Porcos e Diamantes,2000,Quando o ladrão de joias Franky Quatro-Dedos fa...,Policial
948,Mortal Kombat Legends: A Vingança de Scorpion,2020,Após o massacre cruel de sua família pelo merce...,Fantasia
949,Canário Negro,2024,"Uma agente de elite da CIA, Avery Graves, é cha...",Policial
950,Pânico 7,2026,Quando um novo Ghostface surge na pacata cidade...,Terror
951,O Diabo Veste Prada 2,2026,Miranda Priestly navega por sua carreira em mei...,Drama
952,Backrooms: Um Não-Lugar,2026,"Em 1990, o vendedor de móveis Clark descobre em...",Ficção Científica
953,Jack Reacher: Sem Retorno,2016,Jack Reacher retorna para reafirmar sua ousada ...,Suspense
954,Gato de Botas,2011,"Anos antes de conhecer Shrek e Burro, o adoráve...",Animação
955,O Máskara,1994,"Em Edge City vive Stanley Ipkiss, um cara decen...",Fantasia
956,Sonic 3: O Filme,2024,"Sonic, Knuckles e Tails se reúnem contra um nov...",Ação
957,Davi: Nasce Um Rei,2025,"Em um reino tomado pelo medo e pela opressão, u...",Drama
958,Como Treinar o seu Dragão 2,2014,Cinco anos após convencer os habitantes de seu ...,Fantasia
959,Homem de Ferro 2,2010,Em um mundo ciente da existência do Homem de Fe...,Ação
960,Deadpool,2016,Depois de passar por um experimento desonesto q...,Comédia
961,Kraken,2026,Um biólogo marinho investiga uma fazenda de pei...,Ação
962,Superman: O Filme,1978,"Jor-El, um renomado cientista, prevê a destruiç...",Ficção Científica
963,Sing 2,2021,Buster Moon e seus amigos devem persuadir o rec...,Animação
964,2001: Uma Odisséia no Espaço,1968,"Desde a “Aurora do Homem” (a pré-história), um ...",Ficção Científica
965,Hotel Transilvânia 3: Férias Monstruosas,2018,"Solitário e infeliz, buscando um novo amor na i...",Animação
966,A Perfect Ending,2012,"Este drama íntimo segue Rebecca, uma mulher que...",Drama
967,O Hobbit: A Batalha dos Cinco Exércitos,2014,O dragão Smaug lança sua fúria ardente contra a...,Fantasia
968,Lady Bird - A Hora de Voar,2017,Christine McPherson está no último ano do colég...,Drama
969,Ne Zha,2019,"""Ne Zha"" conta a história de um jovem prodígio,...",Fantasia
970,Procurando Nemo,2003,"Nemo, um jovem peixe-palhaço aventureiro, é ine...",Animação
971,Transformers: A Era da Extinção,2014,Após a batalha entre os Autobots e os Deceptico...,Ficção Científica
972,Memórias de um Assassino,2003,"Província de Gyunggi, 1986. O corpo de uma jove...",Policial
973,Os Suspeitos,1995,Um detetive interroga um dos únicos sobrevivent...,Suspense
974,Harry Potter e o Cálice de Fogo,2005,Em seu 4º ano na Escola de Magia e Bruxaria de ...,Fantasia
975,Anônimo,2021,Quando dois ladrões invadem sua casa no subúrbi...,Suspense
976,Um Lugar Silencioso,2018,"Em uma fazenda dos Estados Unidos, uma família ...",Terror
977,Malèna,2000,"Em 1941, numa pequena vila localizada na Sicíli...",Drama
978,A Revolução dos Bichos,2026,Um movimento pela igualdade é sistematicamente ...,Animação
979,Apocalypto,2006,"Jaguar Paw levava uma vida tranquila, que foi i...",Ação
980,Cinquenta Tons Mais Escuros,2017,Incomodada com os hábitos e atitudes de Christi...,Romance
981,Velozes & Furiosos 10,2023,Dom Toretto enfrenta seu maior desafio até agor...,Ação
982,Tarzan,1999,Um bebê perde os pais na selva. Órfão e sozinho...,Animação
983,Operação Big Hero,2014,O grande robô inflável está sempre a postos par...,Ação
984,Capitão América: Admirável Mundo Novo,2025,Após se encontrar com o recém-eleito presidente...,Ficção Científica
985,Golpe Explosivo,2026,O centro de Londres entra em pânico com a desco...,Ação
986,Missão Resgate: Vingança,2025,Mike viaja ao Nepal para espalhar as cinzas de ...,Suspense
987,Os Pinguins de Madagascar - O Filme,2014,"Os valentes pinguins Capitão, Kowalski, Rico e ...",Comédia
988,Sex and the City: O Filme,2008,Carrie Bradshaw é uma escritora de sucesso obce...,Romance
989,O Som da Morte,2026,Um grupo de estudantes disfuncionais se depara ...,Terror
990,Os Infiltrados,2006,"Billy Costigan, um jovem policial, recebe a mis...",Suspense
991,WiFi Ralph: Quebrando a Internet,2018,"Ralph, o mais famoso vilão dos videogames, e Va...",Animação
992,John Wick - De Volta ao Jogo,2014,John Wick é um lendário assassino de aluguel ap...,Suspense
993,M3GAN 2.0,2025,Uma arma robótica de nível militar conhecida co...,Suspense
994,Sicário: Dia do Soldado,2018,O oficial da CIA Matt Graver (Josh Brolin) volt...,Policial
995,Garota Exemplar,2014,Amy Dunne desaparece no dia do seu aniversário ...,Drama
996,Jujutsu Kaisen 0: O Filme,2021,"Quando Yuta Okkotsu era pequeno, sua amiga Rika...",Fantasia
997,Kill Bill - Todo o Sangue Derramado,2011,"A Noiva, dada como morta após seu ex-chefe e am...",Policial
998,La La Land: Cantando Estações,2016,"O pianista Sebastian conhece a atriz Mia, e os ...",Comédia
999,Persépolis,2007,"Marjane é uma jovem iraniana de oito anos, que ...",Animação
1000,Meu Amigo Totoro,1988,Duas irmãs se mudam para o campo com o pai para...,Fantasia
